provider_id,provider_name,state,specialty,total_claims,total_payment,avg_claim_amount,claim_count_rank
P000000,Healthcare Provider 0,FL,Orthopedics,98,5060.370183129221,103.42649110872301,556
P000001,Healthcare Provider 1,NY,Cardiology,105,25366.109709814875,646.3057016565317,356
P000002,Healthcare Provider 2,CA,Orthopedics,122,67403.86536249434,406.51202498478574,540
P000003,Healthcare Provider 3,FL,Internal Medicine,84,38151.32031215708,681.2474247130461,429
P000004,Healthcare Provider 4,DC,Internal Medicine,99,43994.056394539606,228.40742867376892,17
P000005,Healthcare Provider 5,CA,Internal Medicine,92,108811.55262177848,408.3822690765376,639
P000006,Healthcare Provider 6,CA,Family Practice,104,20616.70018885396,449.1753082418073,379
P000007,Healthcare Provider 7,FL,Cardiology,100,11463.327875543755,304.63329829286994,680
P000008,Healthcare Provider 8,VA,Family Practice,89,72367.6780316789,185.54289603138724,506
P000009,Healthcare Provider 9,DC,Internal Medicine,90,71048.6854101534,965.7796166469551,756
P000010,Healthcare Provider 10,FL,Cardiology,95,38495.30923325722,812.1147684543072,899
P000011,Healthcare Provider 11,DC,Internal Medicine,89,18762.753735931048,333.2969599257783,76
P000012,Healthcare Provider 12,DC,Family Practice,108,22056.875603180666,520.6686352346636,231
P000013,Healthcare Provider 13,CA,Family Practice,88,6143.974029621285,316.5890820392691,716
P000014,Healthcare Provider 14,NY,Family Practice,91,67033.41666349846,245.25492958488041,962
P000015,Healthcare Provider 15,DC,Internal Medicine,101,64708.72402701066,1005.8927679452075,248
P000016,Healthcare Provider 16,TX,Cardiology,102,5933.189759802599,176.32265069711954,302
P000017,Healthcare Provider 17,CA,Cardiology,113,52450.8638628987,349.7603310571843,726
P000018,Healthcare Provider 18,VA,Internal Medicine,87,32994.68130915216,420.8017893285613,215
P000019,Healthcare Provider 19,NY,Cardiology,110,7926.967949396811,921.1457626277462,158
P000020,Healthcare Provider 20,TX,Internal Medicine,101,6594.556394173489,631.6240295126826,69
P000021,Healthcare Provider 21,TX,Cardiology,97,32000.066803905203,174.84067186267012,393
P000022,Healthcare Provider 22,VA,Orthopedics,93,14798.718765306337,402.8744115399758,85
P000023,Healthcare Provider 23,NY,Orthopedics,100,135937.27574198824,407.69938411130386,267
P000024,Healthcare Provider 24,CA,Family Practice,91,57102.22688659721,359.9016617576156,69
P000025,Healthcare Provider 25,MD,Orthopedics,82,35372.61233128673,549.9924515980476,611
P000026,Healthcare Provider 26,NY,Orthopedics,100,37163.37469276027,199.42665729341326,347
P000027,Healthcare Provider 27,VA,Orthopedics,103,83355.27557083825,328.87641560312767,962
P000028,Healthcare Provider 28,TX,Internal Medicine,95,51355.02619760103,512.5556928614866,728
P000029,Healthcare Provider 29,CA,Orthopedics,102,36307.0217612703,566.6760740937566,927
P000030,Healthcare Provider 30,NY,Orthopedics,114,8264.618276957775,434.72330000532764,673
P000031,Healthcare Provider 31,MD,Family Practice,105,470686.22658611415,349.25555371734487,423
P000032,Healthcare Provider 32,MD,Orthopedics,113,7308.674743664244,379.9460858022268,606
P000033,Healthcare Provider 33,DC,Orthopedics,111,16114.217936276997,584.176732498835,174
P000034,Healthcare Provider 34,DC,Cardiology,105,4210.226491098359,410.3253542931122,677
P000035,Healthcare Provider 35,FL,Family Practice,108,37752.167066675116,239.62524583475084,115
P000036,Healthcare Provider 36,VA,Family Practice,87,25619.53530440354,217.72900823412263,220
P000037,Healthcare Provider 37,NY,Family Practice,107,47347.83803654612,191.55620979446874,956
P000038,Healthcare Provider 38,NY,Family Practice,110,3869.7081467191324,835.299555188515,31
P000039,Healthcare Provider 39,FL,Family Practice,100,67030.67754460342,604.0946662201753,523
P000040,Healthcare Provider 40,TX,Family Practice,93,9823.81283634428,382.5104826108876,343
P000041,Healthcare Provider 41,TX,Internal Medicine,93,18977.22396943473,321.534149531044,377
P000042,Healthcare Provider 42,FL,Orthopedics,101,55914.06674275629,302.78863747757055,130
P000043,Healthcare Provider 43,TX,Family Practice,85,28602.994214190505,696.8837103944504,1000
P000044,Healthcare Provider 44,DC,Orthopedics,101,30697.68601612292,1045.464699517092,617
P000045,Healthcare Provider 45,NY,Orthopedics,95,48980.56275400768,298.0626019307717,539
P000046,Healthcare Provider 46,FL,Internal Medicine,119,33819.42565625859,712.8049070541609,739
P000047,Healthcare Provider 47,NY,Family Practice,120,15660.42482877794,409.1191597242557,2
P000048,Healthcare Provider 48,MD,Cardiology,81,18648.68422723749,362.7759895309669,871
P000049,Healthcare Provider 49,DC,Internal Medicine,106,27224.66597445838,855.8602824775624,101
P000050,Healthcare Provider 50,CA,Cardiology,102,8995.177743577053,401.3834238333957,533
P000051,Healthcare Provider 51,DC,Orthopedics,103,59635.639909400044,467.86613544477655,58
P000052,Healthcare Provider 52,FL,Orthopedics,87,29397.177073467345,456.7503522446426,389
P000053,Healthcare Provider 53,CA,Internal Medicine,65,23736.667132235474,178.96680051765145,692
P000054,Healthcare Provider 54,MD,Internal Medicine,95,72583.76542210173,466.0092922409358,941
P000055,Healthcare Provider 55,FL,Cardiology,108,19533.502685950745,304.4947932863301,341
P000056,Healthcare Provider 56,VA,Family Practice,98,18353.56298670993,198.22909948777095,861
P000057,Healthcare Provider 57,NY,Cardiology,99,13566.66874553408,311.5100060229402,20
P000058,Healthcare Provider 58,MD,Internal Medicine,109,31041.087493927196,310.2273963487342,255
P000059,Healthcare Provider 59,NY,Cardiology,91,29984.92721836454,675.1543082526463,317
P000060,Healthcare Provider 60,TX,Internal Medicine,105,11313.090657808554,237.01067728339152,38
P000061,Healthcare Provider 61,VA,Cardiology,88,18440.526022812297,271.8026578795094,660
P000062,Healthcare Provider 62,VA,Internal Medicine,121,11388.937078299685,453.8170441079152,537
P000063,Healthcare Provider 63,MD,Internal Medicine,104,10884.89738231886,207.9095468746992,386
P000064,Healthcare Provider 64,VA,Internal Medicine,97,3905.3479744306023,290.1786073704104,633
P000065,Healthcare Provider 65,CA,Family Practice,91,17484.844328607618,175.5215157632963,928
P000066,Healthcare Provider 66,VA,Cardiology,96,4014.976341839294,639.0647184016223,26
P000067,Healthcare Provider 67,NY,Cardiology,99,13865.850721639128,346.99779996904186,454
P000068,Healthcare Provider 68,NY,Cardiology,90,11935.892954598756,400.2306786465943,681
P000069,Healthcare Provider 69,FL,Internal Medicine,109,63063.35009892759,637.7875026352742,323
P000070,Healthcare Provider 70,NY,Cardiology,112,7982.9651466538035,281.1435964416326,737
P000071,Healthcare Provider 71,FL,Cardiology,104,10288.824808730658,345.1594539697002,513
P000072,Healthcare Provider 72,NY,Internal Medicine,103,15040.109240497854,237.89657022951536,819
P000073,Healthcare Provider 73,CA,Orthopedics,99,12330.810752991976,237.63791258286633,773
P000074,Healthcare Provider 74,FL,Internal Medicine,87,86617.29599563136,254.6037851341944,13
P000075,Healthcare Provider 75,DC,Cardiology,98,7054.582092968723,315.3726024091347,915
P000076,Healthcare Provider 76,TX,Internal Medicine,100,15072.022671289513,332.82014298558306,908
P000077,Healthcare Provider 77,MD,Orthopedics,102,30701.452622951507,466.06078962142465,560
P000078,Healthcare Provider 78,NY,Internal Medicine,109,53166.47688875249,258.3697054278363,921
P000079,Healthcare Provider 79,VA,Cardiology,99,15059.41180878829,473.3411320525089,825
P000080,Healthcare Provider 80,NY,Orthopedics,82,3235.3759047737503,514.1425932528804,371
P000081,Healthcare Provider 81,VA,Family Practice,99,18956.37903520838,319.28652865418525,291
P000082,Healthcare Provider 82,TX,Cardiology,94,85137.97682506905,269.7883368027298,332
P000083,Healthcare Provider 83,TX,Orthopedics,112,29207.692853060405,420.96071508452275,606
P000084,Healthcare Provider 84,TX,Orthopedics,85,27901.001475931917,364.5053644027645,261
P000085,Healthcare Provider 85,VA,Family Practice,100,7608.2008857887895,450.4179433076145,994
P000086,Healthcare Provider 86,NY,Internal Medicine,106,6865.941197724736,884.4210216831677,790
P000087,Healthcare Provider 87,TX,Internal Medicine,100,22427.466026863553,417.5141868588635,871
P000088,Healthcare Provider 88,CA,Cardiology,96,5290.251560643612,293.0621549220779,205
P000089,Healthcare Provider 89,FL,Family Practice,83,48115.623794425825,258.4119957543753,697
P000090,Healthcare Provider 90,VA,Internal Medicine,87,9446.067073238512,263.4593757421564,687
P000091,Healthcare Provider 91,VA,Family Practice,106,21489.994189791378,194.14724119989305,950
P000092,Healthcare Provider 92,NY,Internal Medicine,90,3341.6937935549204,643.1460289778122,387
P000093,Healthcare Provider 93,VA,Orthopedics,85,14856.579819066485,132.07376474419138,892
P000094,Healthcare Provider 94,VA,Internal Medicine,106,6728.714896166689,514.9410400961743,821
P000095,Healthcare Provider 95,TX,Family Practice,119,2160.3890121027366,261.37810748326115,468
P000096,Healthcare Provider 96,NY,Orthopedics,101,37867.257116177716,312.2478903469107,415
P000097,Healthcare Provider 97,TX,Orthopedics,113,113681.90714812219,257.4965132480408,69
P000098,Healthcare Provider 98,FL,Orthopedics,110,68150.48742548622,831.2514445898584,472
P000099,Healthcare Provider 99,FL,Family Practice,110,43551.11958137927,406.73334585797323,104
P000100,Healthcare Provider 100,TX,Cardiology,115,14557.7508037663,598.9566725462576,758
P000101,Healthcare Provider 101,FL,Cardiology,110,49310.39691404268,772.9879263835702,161
P000102,Healthcare Provider 102,NY,Cardiology,104,74895.80789454358,437.77397440523754,200
P000103,Healthcare Provider 103,MD,Family Practice,107,25256.07070259056,221.89140922654892,216
P000104,Healthcare Provider 104,TX,Orthopedics,80,6738.81806793257,361.2891563894187,946
P000105,Healthcare Provider 105,CA,Cardiology,95,13367.954965067138,278.3490754863331,212
P000106,Healthcare Provider 106,CA,Family Practice,109,120897.27394671075,313.6406547849133,508
P000107,Healthcare Provider 107,VA,Cardiology,100,20440.138737628862,384.78629554733214,16
P000108,Healthcare Provider 108,FL,Internal Medicine,107,792.5410322246428,377.2553122100559,498
P000109,Healthcare Provider 109,CA,Cardiology,104,5069.9008304748995,495.7414796726195,884
P000110,Healthcare Provider 110,VA,Cardiology,105,14408.178804414361,533.0696797663697,332
P000111,Healthcare Provider 111,MD,Orthopedics,99,62058.03275494767,377.2572863594121,717
P000112,Healthcare Provider 112,NY,Family Practice,107,16762.13324056524,493.6044357379592,877
P000113,Healthcare Provider 113,NY,Orthopedics,98,63223.51950501798,306.5313618127163,551
P000114,Healthcare Provider 114,NY,Orthopedics,102,13014.737477393019,778.5162875769684,601
P000115,Healthcare Provider 115,CA,Orthopedics,107,3089.3236973476837,304.0658700986949,942
P000116,Healthcare Provider 116,MD,Orthopedics,98,13472.944486585835,734.061815456194,256
P000117,Healthcare Provider 117,CA,Orthopedics,103,31099.43720017807,192.8603697191268,992
P000118,Healthcare Provider 118,FL,Cardiology,91,28622.55577223627,333.5511981601329,766
P000119,Healthcare Provider 119,CA,Orthopedics,104,6278.536875712409,341.89747560706064,728
P000120,Healthcare Provider 120,MD,Orthopedics,87,15503.232013896037,463.8196991883259,880
P000121,Healthcare Provider 121,MD,Family Practice,116,322763.2102197272,620.7375709844523,815
P000122,Healthcare Provider 122,FL,Internal Medicine,100,6417.16155612154,216.00518207195208,172
P000123,Healthcare Provider 123,MD,Cardiology,113,42647.4769664785,231.8309585104758,649
P000124,Healthcare Provider 124,MD,Cardiology,100,2706.2638281052177,200.14577301740073,1000
P000125,Healthcare Provider 125,NY,Cardiology,103,52249.825210593415,780.6228280852018,498
P000126,Healthcare Provider 126,FL,Orthopedics,97,9024.285488445032,468.1564202595199,471
P000127,Healthcare Provider 127,DC,Orthopedics,92,32928.31675469697,234.5841555459909,384
P000128,Healthcare Provider 128,DC,Orthopedics,95,6053.99944696794,323.258580904743,690
P000129,Healthcare Provider 129,MD,Family Practice,99,29461.88874585936,728.4221072589369,589
P000130,Healthcare Provider 130,DC,Internal Medicine,82,8878.160860737054,351.0541148149588,700
P000131,Healthcare Provider 131,DC,Orthopedics,100,10774.654150262419,340.8375364666883,507
P000132,Healthcare Provider 132,MD,Internal Medicine,111,34268.642644490465,272.9672014035507,992
P000133,Healthcare Provider 133,DC,Family Practice,92,14322.894122241874,241.65324895764616,527
P000134,Healthcare Provider 134,CA,Cardiology,106,32221.249885900175,728.991378323202,804
P000135,Healthcare Provider 135,VA,Orthopedics,89,18199.6689139216,931.6440250659865,831
P000136,Healthcare Provider 136,FL,Internal Medicine,107,23564.43072100111,246.51005866818394,325
P000137,Healthcare Provider 137,VA,Internal Medicine,99,34375.05625076424,814.4158962762832,214
P000138,Healthcare Provider 138,MD,Orthopedics,110,15521.501658586827,316.17798283713046,208
P000139,Healthcare Provider 139,NY,Cardiology,113,8135.156147495866,526.8015950555239,169
P000140,Healthcare Provider 140,FL,Cardiology,86,12934.943596409774,816.5653144445088,330
P000141,Healthcare Provider 141,MD,Cardiology,79,72775.83045624555,375.20093237920463,280
P000142,Healthcare Provider 142,NY,Family Practice,120,24739.911879494895,342.4169134707285,978
P000143,Healthcare Provider 143,VA,Internal Medicine,86,9462.591302625144,602.1704121396311,305
P000144,Healthcare Provider 144,MD,Internal Medicine,119,32910.94671749725,231.60274118357287,146
P000145,Healthcare Provider 145,FL,Internal Medicine,100,35182.904814580914,715.8929817216922,775
P000146,Healthcare Provider 146,FL,Family Practice,128,37049.09025114552,433.28889356944643,516
P000147,Healthcare Provider 147,TX,Internal Medicine,123,8284.675812371119,302.2107875492027,90
P000148,Healthcare Provider 148,CA,Family Practice,113,11132.332663287061,298.2452690063502,453
P000149,Healthcare Provider 149,DC,Cardiology,100,11194.42072501214,202.00021143040232,60
P000150,Healthcare Provider 150,NY,Orthopedics,105,15357.39026945313,308.559260317162,311
P000151,Healthcare Provider 151,TX,Internal Medicine,106,37756.73635108006,353.53451518588633,528
P000152,Healthcare Provider 152,DC,Internal Medicine,84,29619.399220944033,237.30666127120597,227
P000153,Healthcare Provider 153,DC,Cardiology,98,32055.27249224441,394.36130700137915,474
P000154,Healthcare Provider 154,MD,Orthopedics,89,85307.62691941866,511.0454565238667,978
P000155,Healthcare Provider 155,DC,Family Practice,105,43865.829842811385,362.58681381196914,541
P000156,Healthcare Provider 156,CA,Orthopedics,103,19114.421376172864,561.9219230356606,663
P000157,Healthcare Provider 157,FL,Cardiology,102,6742.019741639767,269.46270867474556,757
P000158,Healthcare Provider 158,TX,Cardiology,119,10780.055485515804,666.2675936494751,782
P000159,Healthcare Provider 159,DC,Orthopedics,105,16954.60796698765,428.7643009406193,79
P000160,Healthcare Provider 160,MD,Family Practice,105,50469.770261174046,873.6052240446677,433
P000161,Healthcare Provider 161,CA,Family Practice,104,21432.59270307136,1348.986240150939,801
P000162,Healthcare Provider 162,VA,Internal Medicine,97,11427.797517757315,318.90020085359873,153
P000163,Healthcare Provider 163,FL,Family Practice,109,10584.08899570512,325.53437458260504,789
P000164,Healthcare Provider 164,FL,Orthopedics,107,20546.00487561906,356.6942381504423,401
P000165,Healthcare Provider 165,TX,Cardiology,97,53636.6328451124,543.4029496351056,279
P000166,Healthcare Provider 166,FL,Internal Medicine,105,108122.41168509398,782.8843510217077,57
P000167,Healthcare Provider 167,DC,Internal Medicine,108,17930.014978211046,291.07930561092104,977
P000168,Healthcare Provider 168,MD,Cardiology,98,21062.65443382145,488.1497059225932,186
P000169,Healthcare Provider 169,FL,Family Practice,86,6542.393092748645,376.9212784143819,398
P000170,Healthcare Provider 170,FL,Cardiology,96,153152.97984381227,549.525155271694,605
P000171,Healthcare Provider 171,VA,Family Practice,106,5426.215246228698,858.1070397875462,788
P000172,Healthcare Provider 172,VA,Cardiology,98,71087.18154047802,357.7505233338727,158
P000173,Healthcare Provider 173,NY,Orthopedics,96,15285.562691904786,175.04904059952267,787
P000174,Healthcare Provider 174,CA,Family Practice,82,12096.041220097703,585.1983434732972,693
P000175,Healthcare Provider 175,DC,Orthopedics,105,7258.993255152538,266.04019082551986,359
P000176,Healthcare Provider 176,FL,Internal Medicine,99,245253.74548157878,375.5689707812815,440
P000177,Healthcare Provider 177,FL,Cardiology,113,27487.637119409705,597.9549510590485,589
P000178,Healthcare Provider 178,MD,Internal Medicine,99,22500.2216016012,468.1072455229801,466
P000179,Healthcare Provider 179,NY,Internal Medicine,95,53462.31860308128,383.42344816201313,663
P000180,Healthcare Provider 180,CA,Internal Medicine,97,11489.252065872142,302.4933046298298,446
P000181,Healthcare Provider 181,NY,Internal Medicine,101,22067.16321581328,94.63743436258295,750
P000182,Healthcare Provider 182,TX,Cardiology,108,23302.97437095017,572.0122503682092,801
P000183,Healthcare Provider 183,CA,Internal Medicine,115,13198.444591468935,355.4996093568434,743
P000184,Healthcare Provider 184,FL,Cardiology,118,73103.97919335158,859.7727749635038,488
P000185,Healthcare Provider 185,FL,Cardiology,119,17700.454363808214,492.2634373589238,530
P000186,Healthcare Provider 186,CA,Orthopedics,85,4660.453064946513,307.7960270441376,73
P000187,Healthcare Provider 187,FL,Family Practice,92,16293.192091955525,687.7566329566249,929
P000188,Healthcare Provider 188,DC,Family Practice,94,28259.322205462537,717.3506000166803,928
P000189,Healthcare Provider 189,CA,Cardiology,101,9013.752685029063,361.5802804306705,701
P000190,Healthcare Provider 190,NY,Orthopedics,103,9753.731481534076,732.7630820458627,950
P000191,Healthcare Provider 191,CA,Cardiology,93,12755.795060484921,305.62106115417157,17
P000192,Healthcare Provider 192,FL,Cardiology,86,74700.02158427324,436.95223396956305,531
P000193,Healthcare Provider 193,DC,Cardiology,105,13532.398488810602,536.8421985413435,731
P000194,Healthcare Provider 194,DC,Orthopedics,101,91960.739331385,597.2828531182998,326
P000195,Healthcare Provider 195,TX,Family Practice,85,11908.998405190514,550.4636506640585,995
P000196,Healthcare Provider 196,NY,Orthopedics,99,30485.73463377888,341.61057193343424,632
P000197,Healthcare Provider 197,VA,Internal Medicine,101,14097.564427116617,697.0441978821522,613
P000198,Healthcare Provider 198,VA,Orthopedics,103,46820.81604438914,379.0948124024723,546
P000199,Healthcare Provider 199,CA,Orthopedics,114,7199.204735023255,303.5317806519461,596
P000200,Healthcare Provider 200,TX,Orthopedics,91,46298.25172199272,305.7693367844681,921
P000201,Healthcare Provider 201,MD,Orthopedics,97,24682.984542571292,1064.2165735285257,708
P000202,Healthcare Provider 202,CA,Family Practice,115,11614.483585560036,278.3859014832587,842
P000203,Healthcare Provider 203,TX,Internal Medicine,92,18653.303025021673,769.5589922090875,202
P000204,Healthcare Provider 204,NY,Family Practice,93,102115.00335763484,228.66696691468974,344
P000205,Healthcare Provider 205,NY,Family Practice,98,25281.912671705573,514.8897100760453,853
P000206,Healthcare Provider 206,NY,Orthopedics,84,10908.220781483804,468.0343664211414,523
P000207,Healthcare Provider 207,NY,Cardiology,99,6603.180574560284,907.4272883177251,859
P000208,Healthcare Provider 208,NY,Cardiology,89,36512.29285549932,290.8474934826525,400
P000209,Healthcare Provider 209,TX,Family Practice,113,26791.64186131551,253.32364260859694,218
P000210,Healthcare Provider 210,TX,Family Practice,84,44135.54275940904,380.59842278334145,445
P000211,Healthcare Provider 211,DC,Orthopedics,104,5103.976701750528,927.4147853434005,765
P000212,Healthcare Provider 212,VA,Family Practice,101,6820.8511636780895,259.2831635450935,222
P000213,Healthcare Provider 213,FL,Orthopedics,97,69347.07165467099,110.58579929769053,383
P000214,Healthcare Provider 214,NY,Cardiology,87,30679.245014316853,415.66677543613724,881
P000215,Healthcare Provider 215,MD,Cardiology,97,37548.95590091648,648.5644999201415,592
P000216,Healthcare Provider 216,FL,Internal Medicine,107,8411.14564554494,243.0086486064058,7
P000217,Healthcare Provider 217,TX,Cardiology,85,8258.620159653652,616.4431391728776,272
P000218,Healthcare Provider 218,MD,Family Practice,102,59353.04224942552,240.33757738756188,739
P000219,Healthcare Provider 219,MD,Cardiology,83,62216.63301309152,374.9230227206563,16
P000220,Healthcare Provider 220,MD,Orthopedics,115,7418.1168709276635,587.7731990813132,424
P000221,Healthcare Provider 221,DC,Cardiology,95,6128.035497932202,222.79839385789,524
P000222,Healthcare Provider 222,TX,Internal Medicine,96,19759.84306642057,441.7555460090307,803
P000223,Healthcare Provider 223,MD,Cardiology,100,9903.579600955685,740.619320407595,753
P000224,Healthcare Provider 224,NY,Orthopedics,110,9699.436994025842,511.3053929752748,21
P000225,Healthcare Provider 225,CA,Orthopedics,101,6301.996415772468,281.3746263279791,690
P000226,Healthcare Provider 226,MD,Family Practice,104,13788.168546684883,862.0895713622416,939
P000227,Healthcare Provider 227,DC,Cardiology,95,6941.722748619596,560.7057487921588,228
P000228,Healthcare Provider 228,FL,Orthopedics,105,7365.771657434383,159.13867629306236,785
P000229,Healthcare Provider 229,TX,Internal Medicine,107,29684.842665806405,621.4912346845712,288
P000230,Healthcare Provider 230,DC,Family Practice,80,20843.590412827536,303.17581167590237,809
P000231,Healthcare Provider 231,MD,Internal Medicine,125,35770.49539214269,445.092343366379,134
P000232,Healthcare Provider 232,TX,Cardiology,106,4234.271462957264,667.8088648614777,984
P000233,Healthcare Provider 233,CA,Cardiology,101,22245.17944200985,306.493855438881,283
P000234,Healthcare Provider 234,MD,Cardiology,98,175542.69035011943,177.18664933495808,404
P000235,Healthcare Provider 235,DC,Family Practice,95,15179.900795453526,856.4300081286254,665
P000236,Healthcare Provider 236,VA,Orthopedics,92,50249.15483481908,722.1925084832061,66
P000237,Healthcare Provider 237,NY,Family Practice,118,49811.7833647648,386.2064200158915,649
P000238,Healthcare Provider 238,FL,Internal Medicine,111,52323.38112549476,618.1373770689282,604
P000239,Healthcare Provider 239,DC,Family Practice,104,26021.065150262108,335.3942259975142,437
P000240,Healthcare Provider 240,TX,Internal Medicine,108,38796.52589229766,423.47102270250923,829
P000241,Healthcare Provider 241,MD,Family Practice,111,44312.12497331273,375.3489132366871,934
P000242,Healthcare Provider 242,NY,Orthopedics,106,41582.97169998768,342.24537731276143,259
P000243,Healthcare Provider 243,MD,Internal Medicine,94,7205.369756059229,482.8235616105634,980
P000244,Healthcare Provider 244,TX,Cardiology,96,3994.267620865796,220.5028429888401,966
P000245,Healthcare Provider 245,MD,Cardiology,120,4658.349391707445,355.7433644873928,103
P000246,Healthcare Provider 246,VA,Family Practice,94,16811.862335372654,472.12309035694983,993
P000247,Healthcare Provider 247,NY,Cardiology,98,39891.82658589909,1011.3591052065432,567
P000248,Healthcare Provider 248,NY,Internal Medicine,100,7299.701402176174,225.0298122561986,769
P000249,Healthcare Provider 249,TX,Cardiology,112,55490.685597860036,523.3636452549431,101
P000250,Healthcare Provider 250,FL,Orthopedics,119,13329.365671310294,552.8431840790446,198
P000251,Healthcare Provider 251,VA,Orthopedics,110,13456.86668302775,157.84927699413936,813
P000252,Healthcare Provider 252,DC,Family Practice,110,9546.1480267175,495.35070527269255,226
P000253,Healthcare Provider 253,MD,Internal Medicine,94,3344.972130985668,626.4960938822657,943
P000254,Healthcare Provider 254,CA,Orthopedics,97,27703.5025057975,541.4909425407193,463
P000255,Healthcare Provider 255,MD,Orthopedics,106,122108.79795648082,386.84974915423913,237
P000256,Healthcare Provider 256,MD,Internal Medicine,111,20688.545662625576,476.5725741732631,26
P000257,Healthcare Provider 257,DC,Cardiology,100,3461.192141605481,439.1857079746457,121
P000258,Healthcare Provider 258,MD,Cardiology,108,48066.59920281948,173.34283363575034,910
P000259,Healthcare Provider 259,VA,Family Practice,100,4338.1445381050935,444.37116142522086,506
P000260,Healthcare Provider 260,VA,Cardiology,88,6574.577543291303,335.7828922202139,182
P000261,Healthcare Provider 261,NY,Internal Medicine,81,17355.449489743605,283.60684046998034,711
P000262,Healthcare Provider 262,TX,Orthopedics,101,24905.487471152857,1397.562569940965,814
P000263,Healthcare Provider 263,FL,Cardiology,98,8033.182051205509,754.6905968882351,767
P000264,Healthcare Provider 264,CA,Family Practice,100,16691.985005959967,226.9918173335224,634
P000265,Healthcare Provider 265,MD,Cardiology,85,45033.52091919605,479.7754098616945,543
P000266,Healthcare Provider 266,MD,Internal Medicine,91,51646.56075445162,836.3211062995056,984
P000267,Healthcare Provider 267,DC,Family Practice,104,76991.97093397901,190.9287693143653,315
P000268,Healthcare Provider 268,TX,Cardiology,80,148660.23101993196,419.2601333950702,991
P000269,Healthcare Provider 269,VA,Family Practice,99,49507.988613220936,429.2486534801299,797
P000270,Healthcare Provider 270,CA,Internal Medicine,92,17734.434588624994,213.31150427739908,618
P000271,Healthcare Provider 271,NY,Orthopedics,86,52016.37184182917,487.736427473455,736
P000272,Healthcare Provider 272,VA,Internal Medicine,85,35126.679976514955,704.9474036370569,273
P000273,Healthcare Provider 273,TX,Internal Medicine,80,36547.460314570904,857.502243797016,910
P000274,Healthcare Provider 274,FL,Internal Medicine,103,26297.227255795395,356.137876419675,232
P000275,Healthcare Provider 275,NY,Internal Medicine,104,8847.992692298054,1409.2635156261363,420
P000276,Healthcare Provider 276,FL,Orthopedics,98,7878.5849525584845,144.17338291345487,768
P000277,Healthcare Provider 277,DC,Orthopedics,114,19987.888596408167,482.0791705942414,442
P000278,Healthcare Provider 278,DC,Family Practice,90,25563.22504103443,199.10908493418233,496
P000279,Healthcare Provider 279,MD,Cardiology,97,11165.222328558917,422.03629554942074,24
P000280,Healthcare Provider 280,FL,Orthopedics,107,33635.65515391779,310.7679912542763,109
P000281,Healthcare Provider 281,TX,Orthopedics,99,176445.2491363762,519.7971962000677,703
P000282,Healthcare Provider 282,CA,Cardiology,93,3849.3873344967583,378.6300636137278,502
P000283,Healthcare Provider 283,NY,Orthopedics,87,39428.51157288273,266.9357281775414,859
P000284,Healthcare Provider 284,VA,Internal Medicine,91,20620.17777688485,275.8492514819219,25
P000285,Healthcare Provider 285,TX,Internal Medicine,100,34567.027882793824,1060.2179177127753,187
P000286,Healthcare Provider 286,TX,Cardiology,101,14318.179456974302,503.5897100770545,288
P000287,Healthcare Provider 287,DC,Family Practice,112,19033.200252291124,172.24805993110542,628
P000288,Healthcare Provider 288,FL,Family Practice,100,25071.83669186096,531.3356164118624,338
P000289,Healthcare Provider 289,MD,Cardiology,95,16290.967896963748,366.01037091051785,878
P000290,Healthcare Provider 290,MD,Cardiology,99,4814.84283325087,404.3579673936193,914
P000291,Healthcare Provider 291,NY,Internal Medicine,97,17432.38512474258,607.8596867681556,37
P000292,Healthcare Provider 292,DC,Family Practice,94,5343.127164090603,728.9561555025506,794
P000293,Healthcare Provider 293,TX,Orthopedics,98,42327.535494921896,262.589935830154,137
P000294,Healthcare Provider 294,CA,Internal Medicine,111,3409.9567909508723,397.4738607935807,508
P000295,Healthcare Provider 295,DC,Cardiology,115,61614.615097452355,307.02970400728367,227
P000296,Healthcare Provider 296,NY,Family Practice,104,33845.55652673636,543.7181959781391,320
P000297,Healthcare Provider 297,NY,Orthopedics,115,33975.28460006886,359.1886554591803,840
P000298,Healthcare Provider 298,DC,Orthopedics,103,2529.2804449328214,409.37259839281387,916
P000299,Healthcare Provider 299,NY,Internal Medicine,100,15857.542948517366,352.4333828236279,182
P000300,Healthcare Provider 300,DC,Family Practice,107,69812.15602406958,382.5809413357384,874
P000301,Healthcare Provider 301,VA,Family Practice,105,13113.427981712259,946.0784587343308,86
P000302,Healthcare Provider 302,DC,Cardiology,83,7494.598574799778,1333.2609765633097,467
P000303,Healthcare Provider 303,FL,Family Practice,82,11653.127815711165,487.1373162405196,926
P000304,Healthcare Provider 304,DC,Family Practice,107,20572.744112280943,383.7591376530057,53
P000305,Healthcare Provider 305,NY,Internal Medicine,94,9401.547192749575,181.66814063605065,860
P000306,Healthcare Provider 306,FL,Family Practice,109,75645.80251528096,275.83170082167163,867
P000307,Healthcare Provider 307,NY,Orthopedics,90,20647.147845948086,378.6574543844782,235
P000308,Healthcare Provider 308,MD,Internal Medicine,85,12637.58579278248,282.1583363199897,959
P000309,Healthcare Provider 309,MD,Internal Medicine,108,5994.852559001436,297.39154936166153,779
P000310,Healthcare Provider 310,FL,Cardiology,129,35755.04314903282,886.8667424462227,799
P000311,Healthcare Provider 311,VA,Family Practice,108,34949.739520347466,409.2783172400475,433
P000312,Healthcare Provider 312,MD,Cardiology,96,9974.539684892385,427.992638514314,496
P000313,Healthcare Provider 313,DC,Orthopedics,86,2353.5285030454997,287.9839414798611,999
P000314,Healthcare Provider 314,NY,Internal Medicine,109,33215.177019035065,726.887966920095,100
P000315,Healthcare Provider 315,MD,Internal Medicine,101,18273.306426789528,362.74883711293853,990
P000316,Healthcare Provider 316,MD,Internal Medicine,103,30824.686816296522,310.9301122350486,599
P000317,Healthcare Provider 317,VA,Orthopedics,108,155931.8814721969,183.02533599990457,403
P000318,Healthcare Provider 318,FL,Orthopedics,105,21443.313617355427,391.29002741926234,396
P000319,Healthcare Provider 319,FL,Cardiology,95,13176.120051032436,306.1181073178025,527
P000320,Healthcare Provider 320,TX,Cardiology,91,6993.091641402481,936.6314480521381,415
P000321,Healthcare Provider 321,VA,Cardiology,98,16116.166997979102,1014.2952811009542,939
P000322,Healthcare Provider 322,DC,Family Practice,103,25863.224872976323,217.53499901979905,613
P000323,Healthcare Provider 323,FL,Internal Medicine,92,23232.499562468493,230.19421854705126,677
P000324,Healthcare Provider 324,NY,Internal Medicine,104,123434.42718382944,351.3701346178769,463
P000325,Healthcare Provider 325,VA,Cardiology,110,36282.309703192164,268.2665437000953,541
P000326,Healthcare Provider 326,MD,Internal Medicine,92,19248.70622743306,449.75738271256154,626
P000327,Healthcare Provider 327,NY,Cardiology,99,10866.494349647164,342.64271445626287,619
P000328,Healthcare Provider 328,NY,Family Practice,107,28758.043004619813,464.17710456683784,922
P000329,Healthcare Provider 329,MD,Family Practice,105,8892.751997410149,670.5154606354694,364
P000330,Healthcare Provider 330,VA,Orthopedics,120,26366.01316243759,236.95950103687642,130
P000331,Healthcare Provider 331,MD,Family Practice,89,35861.297429151666,663.5509305336051,84
P000332,Healthcare Provider 332,TX,Cardiology,107,17739.47705672264,280.2476825908432,271
P000333,Healthcare Provider 333,NY,Family Practice,91,11727.755260402859,1181.1471716624878,244
P000334,Healthcare Provider 334,CA,Orthopedics,111,2476.7516267595433,907.3134525906582,388
P000335,Healthcare Provider 335,CA,Internal Medicine,101,69136.40570843089,381.2517172054357,214
P000336,Healthcare Provider 336,DC,Cardiology,100,32968.254422509184,249.18816099399595,818
P000337,Healthcare Provider 337,FL,Internal Medicine,102,33779.766622318806,226.4597013621445,166
P000338,Healthcare Provider 338,MD,Orthopedics,113,4622.299854527247,624.4144003261072,791
P000339,Healthcare Provider 339,MD,Orthopedics,108,87538.91354737927,397.34249506257686,59
P000340,Healthcare Provider 340,DC,Orthopedics,99,13832.596255302953,641.2590073114884,602
P000341,Healthcare Provider 341,DC,Internal Medicine,92,16501.469182700544,1214.5324715557736,883
P000342,Healthcare Provider 342,DC,Internal Medicine,97,7560.655294479972,274.46082332646677,843
P000343,Healthcare Provider 343,NY,Internal Medicine,90,3688.791839526355,218.09502844827028,924
P000344,Healthcare Provider 344,TX,Internal Medicine,107,70076.74739030332,444.2023124250381,504
P000345,Healthcare Provider 345,MD,Orthopedics,90,79745.64168194986,715.0695464500753,706
P000346,Healthcare Provider 346,NY,Orthopedics,109,18666.240466685515,252.0858880672198,123
P000347,Healthcare Provider 347,DC,Cardiology,96,11165.851541461388,410.4739096491249,648
P000348,Healthcare Provider 348,MD,Cardiology,88,15107.63963367844,800.328149617013,413
P000349,Healthcare Provider 349,NY,Internal Medicine,96,15527.765297848857,178.31668179475156,139
P000350,Healthcare Provider 350,TX,Family Practice,103,6635.174708844039,453.8010929213503,229
P000351,Healthcare Provider 351,NY,Family Practice,97,16444.474194874343,307.95339395645595,274
P000352,Healthcare Provider 352,TX,Orthopedics,96,25670.608875725782,429.26665338072536,439
P000353,Healthcare Provider 353,DC,Orthopedics,84,60971.22116492704,575.3002884684919,562
P000354,Healthcare Provider 354,TX,Orthopedics,99,22342.45957705088,450.52080317180076,910
P000355,Healthcare Provider 355,MD,Cardiology,81,4553.485629598744,243.4444533751617,118
P000356,Healthcare Provider 356,DC,Cardiology,102,31368.13548578971,313.9949587626211,714
P000357,Healthcare Provider 357,MD,Orthopedics,103,17052.79567247369,823.2801059021331,995
P000358,Healthcare Provider 358,CA,Orthopedics,110,86717.38779970075,475.54734550331335,905
P000359,Healthcare Provider 359,VA,Orthopedics,111,91992.08337381388,614.1010946078627,483
P000360,Healthcare Provider 360,TX,Family Practice,82,95268.48212914978,457.212217996971,395
P000361,Healthcare Provider 361,VA,Cardiology,95,12561.753807467405,604.5945294682786,703
P000362,Healthcare Provider 362,VA,Family Practice,106,161112.00306932215,330.93664592938796,876
P000363,Healthcare Provider 363,TX,Family Practice,100,31286.51662291253,274.85513488076276,460
P000364,Healthcare Provider 364,DC,Orthopedics,88,112014.14149653817,591.0194090647938,835
P000365,Healthcare Provider 365,CA,Orthopedics,98,13324.77530420766,708.8805284587046,693
P000366,Healthcare Provider 366,MD,Internal Medicine,91,16340.521155884864,255.4072537192334,935
P000367,Healthcare Provider 367,NY,Internal Medicine,119,28970.326259331883,302.4837612730922,78
P000368,Healthcare Provider 368,MD,Family Practice,98,25639.197444134763,371.8114183753718,952
P000369,Healthcare Provider 369,NY,Cardiology,109,77250.75309145481,906.7912801243151,412
P000370,Healthcare Provider 370,MD,Orthopedics,97,17463.542156186548,534.626155345685,75
P000371,Healthcare Provider 371,TX,Orthopedics,97,70587.96844344633,208.08706733387598,295
P000372,Healthcare Provider 372,CA,Family Practice,102,45808.93814804478,385.1021424652869,793
P000373,Healthcare Provider 373,NY,Internal Medicine,96,17793.843068077356,356.75904935244733,21
P000374,Healthcare Provider 374,FL,Cardiology,66,42390.375286080576,224.38542532295614,906
P000375,Healthcare Provider 375,DC,Internal Medicine,111,13721.715819171643,382.83498261795074,171
P000376,Healthcare Provider 376,MD,Internal Medicine,100,231007.57935025406,348.96836737368494,15
P000377,Healthcare Provider 377,MD,Internal Medicine,120,1534.0516920664002,336.69710844102906,211
P000378,Healthcare Provider 378,NY,Internal Medicine,98,43171.81818365494,329.0827754751769,560
P000379,Healthcare Provider 379,DC,Orthopedics,111,3772.163885529491,841.929914779797,86
P000380,Healthcare Provider 380,DC,Orthopedics,110,17576.94355276852,336.34870757025135,149
P000381,Healthcare Provider 381,TX,Internal Medicine,99,20219.280543835728,413.5736152113838,700
P000382,Healthcare Provider 382,FL,Cardiology,83,99472.20714116255,391.7475565161623,372
P000383,Healthcare Provider 383,TX,Family Practice,100,11024.196170183837,313.40352416972286,480
P000384,Healthcare Provider 384,TX,Cardiology,107,81471.77462795988,419.7890680454549,818
P000385,Healthcare Provider 385,TX,Cardiology,88,6776.278658181539,416.828679998423,151
P000386,Healthcare Provider 386,TX,Cardiology,87,84682.96372535624,419.8419216683105,141
P000387,Healthcare Provider 387,TX,Internal Medicine,81,13706.898950520024,262.5347433655671,69
P000388,Healthcare Provider 388,CA,Orthopedics,93,23704.839847306648,363.9213403605623,260
P000389,Healthcare Provider 389,DC,Cardiology,92,15734.66213212625,590.0226568923649,988
P000390,Healthcare Provider 390,TX,Internal Medicine,92,79408.7207331786,368.73996152852266,846
P000391,Healthcare Provider 391,DC,Cardiology,108,65364.84425093346,437.4187421420817,968
P000392,Healthcare Provider 392,DC,Cardiology,109,34320.62349650724,438.5695904510449,521
P000393,Healthcare Provider 393,VA,Internal Medicine,100,6961.370294985077,497.05344989128355,633
P000394,Healthcare Provider 394,CA,Orthopedics,87,10774.937688331556,533.4287221011208,371
P000395,Healthcare Provider 395,TX,Orthopedics,97,7874.803212509116,369.78608697027295,419
P000396,Healthcare Provider 396,MD,Family Practice,115,2325.887843284696,255.78374680767078,101
P000397,Healthcare Provider 397,NY,Internal Medicine,102,77754.99729370678,219.34423293665594,661
P000398,Healthcare Provider 398,FL,Family Practice,78,15869.851777063988,671.0497024057406,954
P000399,Healthcare Provider 399,MD,Family Practice,93,15701.413760279085,592.9589806365435,658
P000400,Healthcare Provider 400,CA,Family Practice,105,98331.7488786505,558.1804751008258,865
P000401,Healthcare Provider 401,NY,Orthopedics,102,13684.394809842224,605.2258922306277,968
P000402,Healthcare Provider 402,CA,Internal Medicine,95,9504.57997754718,372.1220932875737,243
P000403,Healthcare Provider 403,DC,Family Practice,88,17592.964899290168,295.1730489953496,753
P000404,Healthcare Provider 404,NY,Internal Medicine,92,7096.3152406547515,247.10078629974652,512
P000405,Healthcare Provider 405,DC,Internal Medicine,102,31081.11780628278,234.00090940756164,849
P000406,Healthcare Provider 406,MD,Orthopedics,86,15158.821545903937,739.5776975223903,555
P000407,Healthcare Provider 407,MD,Family Practice,107,13262.935103130436,315.2694191399338,95
P000408,Healthcare Provider 408,NY,Family Practice,106,12162.306635853727,683.6386814819892,226
P000409,Healthcare Provider 409,NY,Internal Medicine,83,19806.75868488059,367.438914140027,518
P000410,Healthcare Provider 410,TX,Cardiology,99,23944.19337222114,287.68881597232314,214
P000411,Healthcare Provider 411,CA,Orthopedics,121,13095.512740188486,233.41491038857805,718
P000412,Healthcare Provider 412,TX,Orthopedics,105,15386.31972264748,300.6427917081907,67
P000413,Healthcare Provider 413,CA,Orthopedics,97,20302.050569021034,819.848356003394,396
P000414,Healthcare Provider 414,TX,Orthopedics,101,18353.615507577262,234.6030554246594,612
P000415,Healthcare Provider 415,DC,Family Practice,100,22721.70620064906,1162.552631377429,12
P000416,Healthcare Provider 416,NY,Family Practice,99,11196.194208806306,264.9911121229726,237
P000417,Healthcare Provider 417,MD,Cardiology,109,60149.77069201556,586.9707478759366,834
P000418,Healthcare Provider 418,CA,Orthopedics,92,24265.920038752694,375.1681602808579,770
P000419,Healthcare Provider 419,CA,Orthopedics,95,13308.433981445176,343.6831676638269,399
P000420,Healthcare Provider 420,MD,Internal Medicine,100,31082.002017314404,213.6394137653511,407
P000421,Healthcare Provider 421,TX,Family Practice,113,20447.816868614333,384.0618120924566,925
P000422,Healthcare Provider 422,CA,Orthopedics,99,3890.035822800882,226.0727842928398,849
P000423,Healthcare Provider 423,FL,Cardiology,108,30975.52607532704,174.02717237834503,480
P000424,Healthcare Provider 424,DC,Cardiology,81,7946.555136814166,428.28948728597345,647
P000425,Healthcare Provider 425,NY,Family Practice,116,56074.014425651825,293.62059671596097,222
P000426,Healthcare Provider 426,MD,Cardiology,100,17296.342831349597,936.5231657175367,156
P000427,Healthcare Provider 427,NY,Cardiology,105,48053.502155417846,665.1488548897183,654
P000428,Healthcare Provider 428,FL,Family Practice,96,11728.551494909932,942.6698267923133,428
P000429,Healthcare Provider 429,CA,Orthopedics,128,23621.893865856557,287.02190811623973,158
P000430,Healthcare Provider 430,CA,Orthopedics,101,73883.40344878197,431.84592522917205,977
P000431,Healthcare Provider 431,FL,Cardiology,109,16831.09678625389,108.81666788486278,416
P000432,Healthcare Provider 432,MD,Cardiology,104,12199.898381045952,350.4082171846269,326
P000433,Healthcare Provider 433,DC,Orthopedics,97,42405.808034379384,423.7947144748565,371
P000434,Healthcare Provider 434,VA,Family Practice,101,41591.93664243096,435.73054613618416,344
P000435,Healthcare Provider 435,MD,Cardiology,106,12724.07142912473,394.97236274897926,262
P000436,Healthcare Provider 436,VA,Internal Medicine,94,3024.614667124288,417.08760592122894,283
P000437,Healthcare Provider 437,FL,Family Practice,116,11967.82433842458,103.89478277307553,850
P000438,Healthcare Provider 438,TX,Cardiology,90,43362.9002554322,458.56906738049236,856
P000439,Healthcare Provider 439,VA,Cardiology,115,10147.329136445569,513.7413588770845,229
P000440,Healthcare Provider 440,DC,Internal Medicine,88,21786.85669337353,787.6176066399444,888
P000441,Healthcare Provider 441,TX,Internal Medicine,103,11413.076769575064,485.10677902264274,280
P000442,Healthcare Provider 442,VA,Orthopedics,114,3190.180692124549,377.90070149186283,870
P000443,Healthcare Provider 443,FL,Family Practice,100,11209.521420496347,700.9741154086167,290
P000444,Healthcare Provider 444,TX,Family Practice,98,43179.97049170113,124.13043249107399,680
P000445,Healthcare Provider 445,FL,Orthopedics,105,2058.530216375593,311.8510701819395,47
P000446,Healthcare Provider 446,VA,Family Practice,89,28343.906576353475,275.0890903115653,975
P000447,Healthcare Provider 447,FL,Family Practice,98,6727.310865720484,396.52500368558935,715
P000448,Healthcare Provider 448,DC,Family Practice,101,40475.09272543142,134.37757935334926,214
P000449,Healthcare Provider 449,VA,Family Practice,114,44995.55274022518,780.4087579889565,758
P000450,Healthcare Provider 450,VA,Family Practice,107,18546.79107292071,356.0585024792931,24
P000451,Healthcare Provider 451,VA,Internal Medicine,112,18589.121838498235,473.1433204112745,321
P000452,Healthcare Provider 452,MD,Family Practice,101,9834.356537069172,451.0353025168977,274
P000453,Healthcare Provider 453,MD,Internal Medicine,94,5735.421941372509,758.4257833820974,556
P000454,Healthcare Provider 454,MD,Family Practice,111,120341.99255319282,159.0191972833205,844
P000455,Healthcare Provider 455,DC,Orthopedics,96,9273.615210038557,426.73387814204216,313
P000456,Healthcare Provider 456,TX,Cardiology,111,105640.39771267866,715.5769428219731,363
P000457,Healthcare Provider 457,FL,Internal Medicine,89,9325.426308533224,384.1398875095915,668
P000458,Healthcare Provider 458,CA,Family Practice,111,37241.923828867104,250.72715184565928,1000
P000459,Healthcare Provider 459,VA,Orthopedics,92,7059.947119803127,298.28665156798303,380
P000460,Healthcare Provider 460,FL,Cardiology,95,37175.12065439657,331.467245927847,711
P000461,Healthcare Provider 461,VA,Internal Medicine,108,15905.379158464391,281.31498517774475,919
P000462,Healthcare Provider 462,DC,Cardiology,103,16114.646200264098,373.7527346495865,981
P000463,Healthcare Provider 463,VA,Orthopedics,111,40539.13852517208,857.5879175953795,674
P000464,Healthcare Provider 464,MD,Internal Medicine,87,13778.416636041457,299.2614533525324,907
P000465,Healthcare Provider 465,CA,Cardiology,95,5280.898351487406,316.13300055175904,470
P000466,Healthcare Provider 466,NY,Family Practice,81,47160.19848545182,507.6997817255036,746
P000467,Healthcare Provider 467,VA,Internal Medicine,112,7003.038533148171,369.6622748072249,675
P000468,Healthcare Provider 468,FL,Cardiology,111,36920.31735760297,207.5572973431397,116
P000469,Healthcare Provider 469,MD,Orthopedics,104,58278.967580335186,391.2730997908499,605
P000470,Healthcare Provider 470,NY,Orthopedics,100,15131.078911339655,383.96610628200386,42
P000471,Healthcare Provider 471,CA,Internal Medicine,91,71851.21805352905,657.1019442403799,796
P000472,Healthcare Provider 472,NY,Cardiology,94,35659.95779442347,248.12280396878938,379
P000473,Healthcare Provider 473,MD,Internal Medicine,108,10983.380875812516,659.2875230359697,722
P000474,Healthcare Provider 474,TX,Internal Medicine,105,89449.45554895466,384.16978140556114,206
P000475,Healthcare Provider 475,TX,Cardiology,116,7032.715464308496,231.83575411419477,466
P000476,Healthcare Provider 476,NY,Cardiology,102,15112.8336147401,209.6859308714348,732
P000477,Healthcare Provider 477,DC,Family Practice,98,17920.224177945576,1061.2410073544415,280
P000478,Healthcare Provider 478,FL,Cardiology,113,40345.03835744798,372.42735124436535,648
P000479,Healthcare Provider 479,FL,Orthopedics,86,67200.32060322161,644.3564445830623,618
P000480,Healthcare Provider 480,NY,Internal Medicine,117,63119.91171935401,171.73288967353105,118
P000481,Healthcare Provider 481,VA,Internal Medicine,112,27549.738413805826,1508.4643777706108,237
P000482,Healthcare Provider 482,VA,Orthopedics,116,16642.765484302254,630.5688283664427,309
P000483,Healthcare Provider 483,FL,Cardiology,110,3547.5615473110674,355.0575513881909,456
P000484,Healthcare Provider 484,FL,Orthopedics,94,5918.593679652108,346.1655300040392,900
P000485,Healthcare Provider 485,TX,Orthopedics,93,128882.38062124862,582.4824546137776,475
P000486,Healthcare Provider 486,DC,Family Practice,86,3511.95454708563,565.9981690831482,100
P000487,Healthcare Provider 487,MD,Orthopedics,101,10051.823670311564,441.9800035418336,261
P000488,Healthcare Provider 488,VA,Internal Medicine,92,69189.6304957516,405.62917456907627,993
P000489,Healthcare Provider 489,FL,Orthopedics,99,27165.778022493305,534.073538493297,305
P000490,Healthcare Provider 490,TX,Internal Medicine,103,55717.2499020666,168.87321452438508,354
P000491,Healthcare Provider 491,CA,Internal Medicine,94,37904.62257346528,335.07776650063,286
P000492,Healthcare Provider 492,TX,Internal Medicine,112,95758.29521225109,177.07406136578743,328
P000493,Healthcare Provider 493,VA,Cardiology,103,29596.970484124722,545.8237777911595,103
P000494,Healthcare Provider 494,VA,Family Practice,90,42763.821375919935,287.7502782202425,63
P000495,Healthcare Provider 495,TX,Internal Medicine,92,10675.999545386525,183.86668568020457,687
P000496,Healthcare Provider 496,MD,Internal Medicine,101,39590.04495359795,271.2678578259101,282
P000497,Healthcare Provider 497,NY,Cardiology,111,14822.089814173225,434.70954730711435,441
P000498,Healthcare Provider 498,VA,Internal Medicine,86,14001.141374430234,364.08443634681925,293
P000499,Healthcare Provider 499,TX,Orthopedics,116,53891.25585208197,224.3981031178076,738
P000500,Healthcare Provider 500,FL,Orthopedics,102,54264.38383415016,172.01225067550862,7
P000501,Healthcare Provider 501,TX,Family Practice,98,119186.18815848196,418.62117479004604,639
P000502,Healthcare Provider 502,DC,Internal Medicine,98,111665.51241305913,301.7551559398197,936
P000503,Healthcare Provider 503,NY,Cardiology,103,55122.604794143655,354.5890967239525,92
P000504,Healthcare Provider 504,CA,Orthopedics,98,3942.437200126299,372.4703384235124,935
P000505,Healthcare Provider 505,MD,Cardiology,104,136992.43481398618,500.21241769123395,190
P000506,Healthcare Provider 506,CA,Cardiology,106,55158.58454411455,616.1394087811123,871
P000507,Healthcare Provider 507,NY,Orthopedics,100,10240.85007120111,434.09117838482763,476
P000508,Healthcare Provider 508,NY,Cardiology,97,45656.86031992147,343.6998423326071,511
P000509,Healthcare Provider 509,NY,Orthopedics,104,7806.6737750589045,408.4550081423594,462
P000510,Healthcare Provider 510,CA,Cardiology,103,40889.56275538839,340.48855625311063,53
P000511,Healthcare Provider 511,FL,Orthopedics,100,5906.034825552398,177.45611220920043,754
P000512,Healthcare Provider 512,NY,Internal Medicine,82,9816.123729718593,696.4340392975,486
P000513,Healthcare Provider 513,TX,Family Practice,96,44798.463870062245,633.7911167132664,644
P000514,Healthcare Provider 514,CA,Orthopedics,76,64401.1483202267,1090.2551133579982,490
P000515,Healthcare Provider 515,NY,Orthopedics,95,30498.62438459093,1261.7433480947916,978
P000516,Healthcare Provider 516,TX,Family Practice,90,16544.87000572296,224.07704281822254,364
P000517,Healthcare Provider 517,FL,Orthopedics,93,2657.480320665919,341.14241855398694,112
P000518,Healthcare Provider 518,DC,Orthopedics,100,17871.79231140356,1416.2528128068002,409
P000519,Healthcare Provider 519,FL,Cardiology,73,37552.11861695611,395.33151532575187,7
P000520,Healthcare Provider 520,NY,Family Practice,95,16046.321208043466,455.82339884826354,742
P000521,Healthcare Provider 521,CA,Internal Medicine,102,21534.725676370326,188.56353846056325,668
P000522,Healthcare Provider 522,VA,Orthopedics,94,18294.99002243612,434.91226269364694,197
P000523,Healthcare Provider 523,NY,Family Practice,97,15967.230099522103,1059.9427618352738,835
P000524,Healthcare Provider 524,VA,Cardiology,103,23762.818494798234,767.63388331664,876
P000525,Healthcare Provider 525,TX,Internal Medicine,95,16769.305116414907,297.379080196652,735
P000526,Healthcare Provider 526,DC,Family Practice,113,93273.33557308491,330.90847174016903,367
P000527,Healthcare Provider 527,MD,Internal Medicine,87,2424.986294532089,229.1896561881109,250
P000528,Healthcare Provider 528,FL,Internal Medicine,97,12761.108345113762,263.59621136948164,916
P000529,Healthcare Provider 529,DC,Internal Medicine,97,9225.657835824639,155.2278497019382,595
P000530,Healthcare Provider 530,NY,Orthopedics,106,27422.26627214335,386.6771714746528,240
P000531,Healthcare Provider 531,VA,Orthopedics,94,23792.954487167994,858.387251694723,380
P000532,Healthcare Provider 532,FL,Cardiology,78,111546.08485208811,481.89004327810466,907
P000533,Healthcare Provider 533,VA,Cardiology,80,154994.05623540905,798.807104112425,872
P000534,Healthcare Provider 534,CA,Family Practice,106,10167.143194605746,689.9538425253876,835
P000535,Healthcare Provider 535,VA,Cardiology,97,22037.483214648746,306.922709472323,471
P000536,Healthcare Provider 536,CA,Internal Medicine,96,26803.94660196321,275.9574450689701,775
P000537,Healthcare Provider 537,TX,Internal Medicine,98,9918.790343486216,281.29606353741457,919
P000538,Healthcare Provider 538,FL,Orthopedics,82,41290.2649652828,170.96673848154845,701
P000539,Healthcare Provider 539,FL,Internal Medicine,96,17335.169417792527,410.0032622597463,455
P000540,Healthcare Provider 540,MD,Family Practice,105,7573.15585610359,94.42140560260319,366
P000541,Healthcare Provider 541,NY,Internal Medicine,96,16654.43282539263,542.2394831286473,290
P000542,Healthcare Provider 542,CA,Internal Medicine,116,8121.948985984667,418.19192081574465,874
P000543,Healthcare Provider 543,MD,Family Practice,113,62109.04002693027,510.6681331068288,403
P000544,Healthcare Provider 544,VA,Cardiology,81,147496.4305950589,684.3764566726603,58
P000545,Healthcare Provider 545,VA,Cardiology,88,28136.399526741523,445.5891299684956,521
P000546,Healthcare Provider 546,MD,Family Practice,98,24619.07352534367,912.1330511272089,304
P000547,Healthcare Provider 547,FL,Orthopedics,100,25653.48648939062,550.5803509604516,115
P000548,Healthcare Provider 548,VA,Internal Medicine,76,71842.68154717216,276.2860042847594,210
P000549,Healthcare Provider 549,TX,Family Practice,102,70312.08742266959,358.2189812703186,41
P000550,Healthcare Provider 550,TX,Internal Medicine,107,19620.81813833937,130.2368201472594,816
P000551,Healthcare Provider 551,MD,Orthopedics,112,28355.88658768782,256.9559783519299,173
P000552,Healthcare Provider 552,CA,Internal Medicine,98,42304.401211588374,333.4529570327025,234
P000553,Healthcare Provider 553,CA,Family Practice,93,7060.792267962098,530.1377109510689,793
P000554,Healthcare Provider 554,MD,Internal Medicine,109,74058.3250004301,277.2222374360937,884
P000555,Healthcare Provider 555,CA,Cardiology,98,124845.45498331555,216.3436234723653,590
P000556,Healthcare Provider 556,FL,Orthopedics,102,70617.41785212499,156.99815418502826,620
P000557,Healthcare Provider 557,FL,Orthopedics,103,6338.554904367023,299.40322417147325,793
P000558,Healthcare Provider 558,CA,Orthopedics,106,3071.74027434328,1070.0128119656767,403
P000559,Healthcare Provider 559,TX,Family Practice,89,44744.270121082016,461.9947454113333,39
P000560,Healthcare Provider 560,CA,Orthopedics,88,10299.087221695183,645.3479999965864,119
P000561,Healthcare Provider 561,FL,Cardiology,95,29352.51037959235,257.2305806613458,335
P000562,Healthcare Provider 562,DC,Family Practice,104,102247.20310223383,183.6946962401651,336
P000563,Healthcare Provider 563,NY,Cardiology,82,11419.124580827012,219.08532547022654,539
P000564,Healthcare Provider 564,VA,Internal Medicine,94,15099.929344064487,384.30420728193263,616
P000565,Healthcare Provider 565,DC,Internal Medicine,103,29048.524596922893,148.84947765628613,74
P000566,Healthcare Provider 566,CA,Internal Medicine,99,6017.880260008821,243.8869484244335,191
P000567,Healthcare Provider 567,TX,Internal Medicine,87,10323.145653690599,300.9125397808324,324
P000568,Healthcare Provider 568,MD,Cardiology,127,22580.850515372847,208.41626356394855,147
P000569,Healthcare Provider 569,CA,Family Practice,74,16310.186515167292,139.51309828051467,767
P000570,Healthcare Provider 570,TX,Family Practice,97,40473.70381913598,466.29890200030127,284
P000571,Healthcare Provider 571,NY,Orthopedics,99,350101.92817983794,412.7886515718855,213
P000572,Healthcare Provider 572,CA,Cardiology,115,24322.04304699084,595.5676198981158,635
P000573,Healthcare Provider 573,FL,Internal Medicine,124,9492.792011409783,231.54798377488518,718
P000574,Healthcare Provider 574,MD,Cardiology,114,90965.93318076075,589.9049200901433,929
P000575,Healthcare Provider 575,TX,Orthopedics,94,4497.070773934013,866.6646403174171,752
P000576,Healthcare Provider 576,TX,Orthopedics,97,5492.241994291349,459.9452065158887,394
P000577,Healthcare Provider 577,TX,Cardiology,95,12147.717382334795,297.38626601356174,339
P000578,Healthcare Provider 578,NY,Cardiology,88,16599.25808183337,433.7812283019326,798
P000579,Healthcare Provider 579,CA,Cardiology,101,11860.007008444614,290.3555787032342,22
P000580,Healthcare Provider 580,NY,Family Practice,111,21343.183113767063,267.1628028712627,771
P000581,Healthcare Provider 581,VA,Internal Medicine,94,28991.034405734506,567.7210533035916,869
P000582,Healthcare Provider 582,VA,Cardiology,90,64148.72761221023,376.3331694871869,105
P000583,Healthcare Provider 583,CA,Cardiology,95,24129.447796690674,736.970472344318,466
P000584,Healthcare Provider 584,FL,Cardiology,95,12557.253582585656,323.3671953971731,459
P000585,Healthcare Provider 585,NY,Orthopedics,87,60757.4742428753,340.15884839415116,432
P000586,Healthcare Provider 586,MD,Orthopedics,104,9723.340626577103,303.9139196868305,770
P000587,Healthcare Provider 587,TX,Family Practice,114,4304.418164547955,230.42104842409745,716
P000588,Healthcare Provider 588,TX,Internal Medicine,102,73567.30775351025,606.2015062176715,822
P000589,Healthcare Provider 589,CA,Family Practice,90,68999.41082749404,1203.3394338255373,774
P000590,Healthcare Provider 590,FL,Internal Medicine,101,9973.647142976102,333.2478077747744,619
P000591,Healthcare Provider 591,VA,Orthopedics,107,14778.09278884816,287.0774466071832,763
P000592,Healthcare Provider 592,VA,Orthopedics,113,8804.97740410761,277.9213772786777,936
P000593,Healthcare Provider 593,TX,Orthopedics,109,30534.85868153473,287.1869467768359,221
P000594,Healthcare Provider 594,CA,Family Practice,109,124498.54292043368,920.4768427640016,379
P000595,Healthcare Provider 595,NY,Cardiology,88,44483.86413078633,281.6766382462319,222
P000596,Healthcare Provider 596,VA,Cardiology,113,62051.790289341356,301.0771666665413,258
P000597,Healthcare Provider 597,NY,Orthopedics,96,49997.50242641726,216.98383852519748,713
P000598,Healthcare Provider 598,FL,Cardiology,90,22023.84152948716,467.2312826183231,367
P000599,Healthcare Provider 599,VA,Cardiology,97,65077.90944129661,390.09301821335936,770
P000600,Healthcare Provider 600,VA,Family Practice,100,46398.8782795672,228.471302605388,349
P000601,Healthcare Provider 601,DC,Internal Medicine,97,92915.49611589243,258.1614595367928,225
P000602,Healthcare Provider 602,VA,Orthopedics,108,13911.220988822406,868.2387073044903,714
P000603,Healthcare Provider 603,MD,Orthopedics,124,3873.4015770976657,410.0806624924122,738
P000604,Healthcare Provider 604,CA,Family Practice,98,62645.7433620975,424.47057976175995,236
P000605,Healthcare Provider 605,CA,Family Practice,115,31249.839545459134,425.3136567100484,183
P000606,Healthcare Provider 606,NY,Cardiology,114,16382.253097355013,810.2255730192186,712
P000607,Healthcare Provider 607,FL,Orthopedics,100,17323.984154749098,239.22219801568593,869
P000608,Healthcare Provider 608,VA,Internal Medicine,118,283420.32608148846,330.8953756995862,758
P000609,Healthcare Provider 609,MD,Family Practice,99,11588.926944696332,370.74607587326534,444
P000610,Healthcare Provider 610,NY,Internal Medicine,107,9383.392901492878,170.61543185987674,865
P000611,Healthcare Provider 611,DC,Internal Medicine,87,23987.406285275873,255.16980913488692,623
P000612,Healthcare Provider 612,NY,Orthopedics,96,71717.55799378418,680.8468654213968,6
P000613,Healthcare Provider 613,NY,Orthopedics,93,215001.86608327544,589.9906847200615,236
P000614,Healthcare Provider 614,VA,Family Practice,125,42504.488597288,644.5377785853964,127
P000615,Healthcare Provider 615,DC,Orthopedics,111,6183.2002487372065,300.50214400273904,104
P000616,Healthcare Provider 616,NY,Orthopedics,111,158081.2263476802,319.62626134796926,749
P000617,Healthcare Provider 617,MD,Orthopedics,88,21601.7865504933,165.00359350489703,915
P000618,Healthcare Provider 618,MD,Internal Medicine,108,9530.86318507251,642.8859077932102,480
P000619,Healthcare Provider 619,CA,Family Practice,108,7484.635085556757,698.0747120694372,155
P000620,Healthcare Provider 620,DC,Cardiology,103,50834.40760419427,693.6451255589698,257
P000621,Healthcare Provider 621,DC,Internal Medicine,100,27968.36659942748,899.6858319198549,235
P000622,Healthcare Provider 622,CA,Orthopedics,97,31103.4920660509,498.22625280106143,500
P000623,Healthcare Provider 623,NY,Internal Medicine,81,79738.1259834328,878.6976940934853,289
P000624,Healthcare Provider 624,DC,Orthopedics,86,9875.82774455996,364.9508530801691,510
P000625,Healthcare Provider 625,MD,Orthopedics,122,86349.18353860335,166.74985537803647,552
P000626,Healthcare Provider 626,MD,Internal Medicine,124,13106.226180147263,620.398701701244,800
P000627,Healthcare Provider 627,VA,Family Practice,94,191761.43912663264,163.70326627624408,709
P000628,Healthcare Provider 628,DC,Orthopedics,100,40084.259938164076,439.26418698481206,785
P000629,Healthcare Provider 629,NY,Family Practice,106,8775.87247045147,650.4483543730519,894
P000630,Healthcare Provider 630,CA,Cardiology,82,2906.142608327292,474.437265742088,776
P000631,Healthcare Provider 631,CA,Orthopedics,94,49460.25626299412,1260.3207553555299,569
P000632,Healthcare Provider 632,NY,Family Practice,93,15150.968313988982,150.96311008976073,298
P000633,Healthcare Provider 633,FL,Family Practice,118,18853.13148263002,387.05610772866504,610
P000634,Healthcare Provider 634,TX,Cardiology,116,47391.39775134181,406.9652221897314,137
P000635,Healthcare Provider 635,VA,Family Practice,99,60500.91853199187,206.01491970281688,376
P000636,Healthcare Provider 636,CA,Family Practice,103,74885.1092005913,226.5880485347459,87
P000637,Healthcare Provider 637,DC,Cardiology,104,6803.270229180326,264.39275199881075,419
P000638,Healthcare Provider 638,VA,Orthopedics,114,91664.89400117277,232.79921712240682,754
P000639,Healthcare Provider 639,DC,Family Practice,98,12344.361311561335,382.2224140545743,199
P000640,Healthcare Provider 640,FL,Family Practice,104,2307.1079864562366,298.42467320773954,463
P000641,Healthcare Provider 641,MD,Family Practice,105,6778.82900668783,472.9332187966881,437
P000642,Healthcare Provider 642,VA,Internal Medicine,106,27392.515335778065,558.1988344792313,310
P000643,Healthcare Provider 643,CA,Cardiology,110,8276.58525847521,539.6331084574283,596
P000644,Healthcare Provider 644,VA,Internal Medicine,101,20170.078660646228,328.631439258845,754
P000645,Healthcare Provider 645,VA,Cardiology,109,30891.998697594052,465.09319959108234,281
P000646,Healthcare Provider 646,VA,Orthopedics,100,18372.579672292806,676.9276902261606,323
P000647,Healthcare Provider 647,TX,Orthopedics,87,13435.36464554217,504.1038460709073,764
P000648,Healthcare Provider 648,VA,Family Practice,79,6306.297000087918,1021.9714625385727,702
P000649,Healthcare Provider 649,DC,Cardiology,94,22515.15255044133,659.2412110364396,951
P000650,Healthcare Provider 650,MD,Orthopedics,100,2793.4777736505384,952.6080475582788,942
P000651,Healthcare Provider 651,FL,Cardiology,93,11092.250144556694,116.02763970409687,152
P000652,Healthcare Provider 652,NY,Orthopedics,107,8709.902632261566,423.4087652622118,994
P000653,Healthcare Provider 653,VA,Internal Medicine,85,17337.43210419436,343.10404848705537,302
P000654,Healthcare Provider 654,CA,Orthopedics,93,17794.953781932876,378.9901195080104,278
P000655,Healthcare Provider 655,VA,Internal Medicine,94,57523.95072654313,269.7566590793548,651
P000656,Healthcare Provider 656,CA,Orthopedics,115,107310.01677560474,491.813559314554,688
P000657,Healthcare Provider 657,DC,Family Practice,116,7202.7714875398415,163.3380180217874,8
P000658,Healthcare Provider 658,CA,Internal Medicine,127,161592.43732943214,493.5965244978647,807
P000659,Healthcare Provider 659,NY,Orthopedics,106,10104.179210662294,274.27860323089186,235
P000660,Healthcare Provider 660,MD,Family Practice,97,26174.12962202175,314.1300131847596,675
P000661,Healthcare Provider 661,CA,Internal Medicine,106,36712.14806249837,502.32679039611025,561
P000662,Healthcare Provider 662,CA,Family Practice,89,253871.30708490085,419.6365015052286,302
P000663,Healthcare Provider 663,MD,Cardiology,106,12806.622030169434,683.3180762002328,38
P000664,Healthcare Provider 664,NY,Cardiology,85,3652.8464319360087,248.45164698763352,136
P000665,Healthcare Provider 665,VA,Internal Medicine,104,97770.62667771878,387.47338938923957,822
P000666,Healthcare Provider 666,CA,Orthopedics,96,9572.27751713445,629.1606053359739,421
P000667,Healthcare Provider 667,MD,Internal Medicine,100,15342.950848459126,483.28177656239626,219
P000668,Healthcare Provider 668,DC,Family Practice,99,7202.981712934892,499.09533356450197,348
P000669,Healthcare Provider 669,MD,Orthopedics,96,15387.276212880528,702.0617963861744,808
P000670,Healthcare Provider 670,DC,Cardiology,98,9505.334666220213,329.27022807595176,546
P000671,Healthcare Provider 671,NY,Orthopedics,112,43323.12415090315,296.36285392806303,864
P000672,Healthcare Provider 672,VA,Cardiology,105,23879.88208599584,538.0503905274675,79
P000673,Healthcare Provider 673,MD,Orthopedics,114,11147.213545076469,374.38484174606015,748
P000674,Healthcare Provider 674,FL,Orthopedics,105,59627.489304383445,707.0502821802271,895
P000675,Healthcare Provider 675,FL,Orthopedics,94,28424.216391989143,485.35797844267285,273
P000676,Healthcare Provider 676,TX,Family Practice,104,3477.09255044641,295.398313199208,161
P000677,Healthcare Provider 677,CA,Family Practice,94,55254.40330787055,477.7998941739348,687
P000678,Healthcare Provider 678,NY,Internal Medicine,97,26499.14861845222,256.8905626366045,878
P000679,Healthcare Provider 679,MD,Internal Medicine,93,88497.75713712464,647.7237114289119,308
P000680,Healthcare Provider 680,FL,Cardiology,79,24932.250029669154,200.62226205753734,374
P000681,Healthcare Provider 681,CA,Family Practice,100,9979.52376702939,743.2501302321912,976
P000682,Healthcare Provider 682,FL,Cardiology,111,17956.450105036427,473.6356028080034,733
P000683,Healthcare Provider 683,MD,Internal Medicine,96,49213.30687649337,371.56340226763785,9
P000684,Healthcare Provider 684,DC,Cardiology,97,10191.027347283978,590.9119818689145,801
P000685,Healthcare Provider 685,MD,Internal Medicine,97,14181.636648036925,520.9548210097714,444
P000686,Healthcare Provider 686,TX,Family Practice,103,17646.829597114844,784.6131884942803,113
P000687,Healthcare Provider 687,MD,Orthopedics,99,6978.7729821751,780.9654175679065,989
P000688,Healthcare Provider 688,MD,Family Practice,100,10338.980808608163,481.1337134832233,205
P000689,Healthcare Provider 689,TX,Cardiology,94,26174.742336281422,260.8941203812026,405
P000690,Healthcare Provider 690,NY,Cardiology,109,73311.86528197688,307.73699313258675,698
P000691,Healthcare Provider 691,MD,Family Practice,110,30246.839682953385,389.23238542700597,853
P000692,Healthcare Provider 692,TX,Family Practice,93,21039.117890809048,692.8827875829336,197
P000693,Healthcare Provider 693,CA,Internal Medicine,94,9592.427134942485,321.1173938916075,778
P000694,Healthcare Provider 694,DC,Cardiology,100,65851.69266629327,334.79879511375407,774
P000695,Healthcare Provider 695,DC,Cardiology,96,33979.256006561875,1016.5555853308726,760
P000696,Healthcare Provider 696,MD,Family Practice,94,10864.656060724785,382.9294407152708,115
P000697,Healthcare Provider 697,NY,Orthopedics,109,54103.19166144604,293.72209196449694,121
P000698,Healthcare Provider 698,NY,Cardiology,99,38544.8224088354,594.85817405332,653
P000699,Healthcare Provider 699,CA,Orthopedics,94,9764.119308225521,392.2631276139656,65
P000700,Healthcare Provider 700,MD,Family Practice,91,19902.92020140176,201.38135887569248,276
P000701,Healthcare Provider 701,DC,Family Practice,99,13456.630960501168,678.8885946410373,825
P000702,Healthcare Provider 702,NY,Internal Medicine,99,306673.1925029444,277.68304563783073,239
P000703,Healthcare Provider 703,MD,Cardiology,101,37486.82748284643,412.31713533046656,302
P000704,Healthcare Provider 704,FL,Orthopedics,82,26549.390105135233,389.9156536754414,392
P000705,Healthcare Provider 705,NY,Internal Medicine,91,35336.19444748822,452.61894330658396,522
P000706,Healthcare Provider 706,TX,Cardiology,87,87479.74748119085,134.8904494860737,969
P000707,Healthcare Provider 707,FL,Internal Medicine,109,20264.378208394217,341.19366908688664,369
P000708,Healthcare Provider 708,NY,Family Practice,88,12210.978487915178,707.9819011771418,233
P000709,Healthcare Provider 709,DC,Cardiology,104,51240.38287115532,759.5474230731276,195
P000710,Healthcare Provider 710,VA,Internal Medicine,105,18491.296372271456,245.7598425220885,907
P000711,Healthcare Provider 711,FL,Internal Medicine,95,7556.056234213668,639.2522419716944,12
P000712,Healthcare Provider 712,CA,Orthopedics,94,6218.683878478738,275.6922266812166,906
P000713,Healthcare Provider 713,CA,Internal Medicine,114,101650.58263741579,334.53244497529175,921
P000714,Healthcare Provider 714,DC,Cardiology,80,25125.651287583587,343.43841772544647,689
P000715,Healthcare Provider 715,NY,Cardiology,98,12215.154304711596,425.9840289558907,177
P000716,Healthcare Provider 716,MD,Orthopedics,125,17425.06714439088,665.596231808407,217
P000717,Healthcare Provider 717,NY,Cardiology,92,49387.109014968606,460.4905194705804,11
P000718,Healthcare Provider 718,DC,Family Practice,105,16425.568985079488,378.7718783736159,446
P000719,Healthcare Provider 719,CA,Cardiology,93,5169.753414045667,654.3586636628817,630
P000720,Healthcare Provider 720,NY,Cardiology,99,30510.948095809963,270.0667916488666,164
P000721,Healthcare Provider 721,CA,Internal Medicine,98,73743.47661217068,388.14977309314077,551
P000722,Healthcare Provider 722,FL,Internal Medicine,89,68972.58032265725,663.7400714579065,53
P000723,Healthcare Provider 723,MD,Cardiology,91,12590.15026033537,525.6592062481955,218
P000724,Healthcare Provider 724,FL,Orthopedics,109,78368.1329676067,319.5289919337627,718
P000725,Healthcare Provider 725,CA,Internal Medicine,93,27253.847251620107,189.335697486559,999
P000726,Healthcare Provider 726,CA,Orthopedics,103,76202.33192362475,471.26901844808856,824
P000727,Healthcare Provider 727,VA,Cardiology,90,39092.543716576416,183.2153797008421,360
P000728,Healthcare Provider 728,VA,Cardiology,126,4809.7633262496865,362.7628509692682,385
P000729,Healthcare Provider 729,FL,Family Practice,89,126340.8809789231,727.398303025384,56
P000730,Healthcare Provider 730,TX,Internal Medicine,107,23197.13018774442,543.6900498368324,118
P000731,Healthcare Provider 731,FL,Cardiology,104,39214.185052810426,146.66821734482298,900
P000732,Healthcare Provider 732,VA,Family Practice,89,5744.254239662137,445.9584348039071,253
P000733,Healthcare Provider 733,CA,Internal Medicine,108,36509.453282483664,343.9220533841617,798
P000734,Healthcare Provider 734,DC,Cardiology,96,66365.17551457677,213.39422990624726,780
P000735,Healthcare Provider 735,FL,Cardiology,91,152561.08261904638,476.9972129032051,803
P000736,Healthcare Provider 736,CA,Internal Medicine,91,89357.44086027029,315.49129030839487,845
P000737,Healthcare Provider 737,DC,Internal Medicine,112,38339.0678641925,316.47143371311915,180
P000738,Healthcare Provider 738,DC,Internal Medicine,84,4701.433055510083,429.2427283243997,415
P000739,Healthcare Provider 739,VA,Cardiology,105,25141.440773282782,295.0243025727718,870
P000740,Healthcare Provider 740,FL,Cardiology,94,12179.267925113792,423.2097491121977,235
P000741,Healthcare Provider 741,NY,Family Practice,96,27860.853294728127,299.8665538472469,855
P000742,Healthcare Provider 742,MD,Orthopedics,123,6526.813778010922,308.2062709483929,708
P000743,Healthcare Provider 743,VA,Internal Medicine,96,17851.326393533822,662.7944319037908,820
P000744,Healthcare Provider 744,VA,Cardiology,92,13132.126561211255,697.3837395753101,80
P000745,Healthcare Provider 745,NY,Cardiology,96,12731.488892124613,171.68696992822862,647
P000746,Healthcare Provider 746,MD,Internal Medicine,92,12858.544538922493,586.1269603062685,22
P000747,Healthcare Provider 747,CA,Orthopedics,117,19228.431761855994,811.8336887009222,477
P000748,Healthcare Provider 748,TX,Internal Medicine,100,29324.973183072372,878.9151902752687,843
P000749,Healthcare Provider 749,FL,Orthopedics,74,1810.7681239836272,523.3182894266511,440
P000750,Healthcare Provider 750,TX,Cardiology,89,2045.8469590940736,237.76934643387779,737
P000751,Healthcare Provider 751,CA,Orthopedics,102,15698.314989673856,552.7967648692525,570
P000752,Healthcare Provider 752,VA,Family Practice,102,18074.022318376105,261.2228364055485,93
P000753,Healthcare Provider 753,MD,Cardiology,108,26611.832231619257,339.8544429319408,192
P000754,Healthcare Provider 754,VA,Family Practice,96,10639.488039437505,488.5984949671369,103
P000755,Healthcare Provider 755,DC,Internal Medicine,98,22235.940362001078,269.78364600667044,396
P000756,Healthcare Provider 756,VA,Internal Medicine,99,24997.302674714665,227.4202998408528,7
P000757,Healthcare Provider 757,VA,Internal Medicine,90,10566.478919138402,509.2233181065459,640
P000758,Healthcare Provider 758,CA,Orthopedics,90,60685.24226717935,1026.194010753356,567
P000759,Healthcare Provider 759,CA,Cardiology,112,26291.1145548164,751.1588634204581,231
P000760,Healthcare Provider 760,CA,Internal Medicine,82,38061.59682607336,574.5534282474658,874
P000761,Healthcare Provider 761,TX,Internal Medicine,120,23596.31255848238,658.2552129778348,574
P000762,Healthcare Provider 762,DC,Cardiology,97,180533.76501606213,554.9398605972772,240
P000763,Healthcare Provider 763,CA,Internal Medicine,111,39990.49457045705,505.1978398847856,90
P000764,Healthcare Provider 764,MD,Family Practice,106,13521.099683047794,632.265195836697,232
P000765,Healthcare Provider 765,TX,Cardiology,105,50059.46533115005,203.53102575474804,457
P000766,Healthcare Provider 766,NY,Cardiology,113,4282.940487819904,445.74304322432295,233
P000767,Healthcare Provider 767,MD,Cardiology,93,24824.84543391755,387.4264006232049,354
P000768,Healthcare Provider 768,FL,Family Practice,73,30307.797150469145,419.66275127720496,333
P000769,Healthcare Provider 769,FL,Cardiology,108,25109.982672274647,320.31788477378365,439
P000770,Healthcare Provider 770,MD,Family Practice,98,15775.622205903406,523.3465804873963,375
P000771,Healthcare Provider 771,CA,Cardiology,91,8004.239703053952,268.01313624688265,292
P000772,Healthcare Provider 772,NY,Orthopedics,94,10003.126648423206,308.91697000483356,345
P000773,Healthcare Provider 773,NY,Internal Medicine,129,24393.571568139738,290.9234118970704,664
P000774,Healthcare Provider 774,TX,Orthopedics,105,7233.517906568497,621.3989570903339,428
P000775,Healthcare Provider 775,NY,Internal Medicine,112,129335.82764254186,401.0709115257643,657
P000776,Healthcare Provider 776,FL,Family Practice,94,1570.4261908691265,320.40436224603127,130
P000777,Healthcare Provider 777,DC,Orthopedics,106,15939.60437588207,334.7169175962583,141
P000778,Healthcare Provider 778,CA,Cardiology,90,24597.242917319873,404.212329650477,415
P000779,Healthcare Provider 779,NY,Internal Medicine,115,36585.99982738892,907.8575285754804,93
P000780,Healthcare Provider 780,TX,Internal Medicine,97,8813.811623349402,217.40018634221911,626
P000781,Healthcare Provider 781,FL,Orthopedics,105,68479.84818497917,565.5252802719938,284
P000782,Healthcare Provider 782,DC,Family Practice,101,5465.270827935693,510.77601587611,956
P000783,Healthcare Provider 783,VA,Orthopedics,89,12504.844539815636,259.43788266108743,923
P000784,Healthcare Provider 784,VA,Family Practice,102,40976.23548319729,840.0291932288629,655
P000785,Healthcare Provider 785,DC,Family Practice,75,62329.40381576895,528.287279360126,223
P000786,Healthcare Provider 786,FL,Internal Medicine,103,5409.969335007913,312.978140168853,744
P000787,Healthcare Provider 787,TX,Orthopedics,106,310219.9343067081,159.2210259161094,463
P000788,Healthcare Provider 788,DC,Orthopedics,85,8977.784687615294,452.4030188787064,545
P000789,Healthcare Provider 789,CA,Family Practice,100,5930.225525037432,394.50318257692084,276
P000790,Healthcare Provider 790,CA,Orthopedics,119,36414.229289096045,240.96303364656032,682
P000791,Healthcare Provider 791,VA,Cardiology,106,15548.299371015188,239.41364662184645,140
P000792,Healthcare Provider 792,NY,Cardiology,99,13412.57109343038,622.8183688849043,357
P000793,Healthcare Provider 793,TX,Orthopedics,106,39960.39260122552,151.73757467240628,713
P000794,Healthcare Provider 794,VA,Orthopedics,113,4782.431171988123,472.0766552247816,23
P000795,Healthcare Provider 795,NY,Family Practice,110,4015.292999872917,367.33767204308975,968
P000796,Healthcare Provider 796,NY,Cardiology,95,12119.568235520408,517.2764308835605,736
P000797,Healthcare Provider 797,CA,Cardiology,106,64724.93105714055,348.2245377301583,880
P000798,Healthcare Provider 798,FL,Internal Medicine,102,12656.734279133685,467.1439632423011,270
P000799,Healthcare Provider 799,MD,Family Practice,100,109005.83419772075,278.27576368681287,859
P000800,Healthcare Provider 800,FL,Internal Medicine,89,73204.68943168985,393.6245522487183,665
P000801,Healthcare Provider 801,MD,Cardiology,107,29229.863391055358,515.1931810048764,333
P000802,Healthcare Provider 802,DC,Family Practice,92,30937.48577072434,435.0391102369049,85
P000803,Healthcare Provider 803,CA,Orthopedics,110,29202.29628369108,487.92095789161823,621
P000804,Healthcare Provider 804,NY,Family Practice,129,25841.00185652018,253.6713040098333,31
P000805,Healthcare Provider 805,TX,Orthopedics,100,15271.724146130548,300.2641895790524,741
P000806,Healthcare Provider 806,MD,Orthopedics,113,17151.006978070258,302.8779988575565,240
P000807,Healthcare Provider 807,FL,Family Practice,110,7555.5664097641,351.34024826444585,890
P000808,Healthcare Provider 808,NY,Orthopedics,97,2416.2141918928505,795.7550678667588,363
P000809,Healthcare Provider 809,MD,Internal Medicine,113,66441.06607521507,337.95428073357283,822
P000810,Healthcare Provider 810,MD,Cardiology,94,25777.529370724937,227.74356250428488,389
P000811,Healthcare Provider 811,MD,Orthopedics,113,22163.705788916825,528.912411235463,653
P000812,Healthcare Provider 812,TX,Internal Medicine,109,32808.703928978226,791.0187848511731,668
P000813,Healthcare Provider 813,CA,Orthopedics,104,9620.028874921618,214.73271615730584,299
P000814,Healthcare Provider 814,TX,Cardiology,78,8094.481293097932,1081.8257232615365,857
P000815,Healthcare Provider 815,VA,Internal Medicine,93,16586.01760290859,496.5023919820492,371
P000816,Healthcare Provider 816,NY,Cardiology,96,86517.19694421603,676.5087586503466,99
P000817,Healthcare Provider 817,CA,Cardiology,95,6844.89892599994,840.1125051083039,47
P000818,Healthcare Provider 818,CA,Internal Medicine,97,1592.2997648642063,656.0971164488308,999
P000819,Healthcare Provider 819,CA,Internal Medicine,109,13076.851802791583,381.7371189787847,839
P000820,Healthcare Provider 820,FL,Internal Medicine,98,69057.85539511041,741.6289658628248,422
P000821,Healthcare Provider 821,CA,Family Practice,95,3895.027332638307,458.19730346247553,480
P000822,Healthcare Provider 822,TX,Internal Medicine,96,6766.345391711087,695.9253246814259,579
P000823,Healthcare Provider 823,CA,Internal Medicine,104,28668.2850606535,735.0494250296833,62
P000824,Healthcare Provider 824,DC,Internal Medicine,104,287767.181746391,233.82002722481997,109
P000825,Healthcare Provider 825,NY,Internal Medicine,98,5663.448897524456,600.132561104963,679
P000826,Healthcare Provider 826,CA,Orthopedics,85,5448.33811720006,368.3575393229536,549
P000827,Healthcare Provider 827,NY,Family Practice,93,30905.77593371987,432.28942032983383,119
P000828,Healthcare Provider 828,DC,Cardiology,100,73473.08590614884,429.897313528542,598
P000829,Healthcare Provider 829,DC,Internal Medicine,131,11800.548443947282,421.35896076426354,382
P000830,Healthcare Provider 830,NY,Orthopedics,97,4352.93602149322,864.1640782139336,392
P000831,Healthcare Provider 831,MD,Orthopedics,106,33987.53847202354,203.726047423546,977
P000832,Healthcare Provider 832,VA,Orthopedics,95,40734.936639128806,170.51586147322593,52
P000833,Healthcare Provider 833,FL,Cardiology,93,130438.23863296075,153.44695912705077,603
P000834,Healthcare Provider 834,MD,Internal Medicine,99,42486.731761562594,688.5391174119759,289
P000835,Healthcare Provider 835,MD,Family Practice,93,50416.11153923773,274.0419656771902,337
P000836,Healthcare Provider 836,TX,Family Practice,82,16947.148289249693,430.9935973932993,810
P000837,Healthcare Provider 837,FL,Orthopedics,123,253090.98869595735,380.939830682606,204
P000838,Healthcare Provider 838,FL,Cardiology,84,14792.239874113795,258.9959513385867,880
P000839,Healthcare Provider 839,MD,Cardiology,104,11945.117286480097,617.5367733901772,238
P000840,Healthcare Provider 840,CA,Cardiology,93,134526.28931543522,378.5198502012225,382
P000841,Healthcare Provider 841,TX,Family Practice,128,5043.031766097568,358.214676418831,667
P000842,Healthcare Provider 842,TX,Orthopedics,105,3472.366453147419,453.24628528481094,752
P000843,Healthcare Provider 843,DC,Internal Medicine,103,24823.769596375187,578.4696271092,136
P000844,Healthcare Provider 844,FL,Family Practice,93,21988.249515605363,249.76285264155246,407
P000845,Healthcare Provider 845,MD,Orthopedics,85,17537.768221253413,624.1927242610672,508
P000846,Healthcare Provider 846,DC,Orthopedics,121,59511.79202082967,832.9109718184721,362
P000847,Healthcare Provider 847,NY,Internal Medicine,114,8882.104647091503,197.73718798919973,381
P000848,Healthcare Provider 848,VA,Internal Medicine,102,23486.172568707927,463.65905624753697,881
P000849,Healthcare Provider 849,TX,Internal Medicine,105,15365.715607693191,346.3808505442139,576
P000850,Healthcare Provider 850,NY,Cardiology,92,9034.279910889683,572.2725079091837,635
P000851,Healthcare Provider 851,NY,Internal Medicine,125,20705.60915129561,219.56984749887954,254
P000852,Healthcare Provider 852,CA,Orthopedics,111,51668.097649677344,910.9327848565733,477
P000853,Healthcare Provider 853,VA,Internal Medicine,85,183609.7977563163,180.55809767972917,114
P000854,Healthcare Provider 854,NY,Orthopedics,98,39317.26376285127,357.0441808881568,20
P000855,Healthcare Provider 855,NY,Family Practice,98,1788.5580197012844,501.27158397736486,528
P000856,Healthcare Provider 856,VA,Cardiology,98,21202.193336095435,286.24027386659935,145
P000857,Healthcare Provider 857,VA,Family Practice,103,23151.220763828722,264.62116199057374,208
P000858,Healthcare Provider 858,NY,Family Practice,92,56173.98394536056,450.84239348948705,531
P000859,Healthcare Provider 859,VA,Orthopedics,84,26497.62280528882,419.42300116742996,376
P000860,Healthcare Provider 860,NY,Family Practice,113,77117.76262837653,404.6283877212811,504
P000861,Healthcare Provider 861,NY,Orthopedics,91,32587.061941353753,619.7674058100722,904
P000862,Healthcare Provider 862,CA,Internal Medicine,92,104694.10269142213,331.21365591416185,166
P000863,Healthcare Provider 863,MD,Internal Medicine,99,14203.647544736456,473.3316591422386,550
P000864,Healthcare Provider 864,NY,Orthopedics,103,25446.753940373168,313.15510028134725,181
P000865,Healthcare Provider 865,DC,Internal Medicine,111,50344.342853026785,263.8379943682372,861
P000866,Healthcare Provider 866,TX,Cardiology,101,12429.226196945096,349.8906530296799,617
P000867,Healthcare Provider 867,FL,Family Practice,103,9996.468883013571,314.3847035067749,612
P000868,Healthcare Provider 868,MD,Cardiology,107,11738.71814335882,322.33716674830174,602
P000869,Healthcare Provider 869,MD,Family Practice,81,10412.730081681626,722.4611947828663,927
P000870,Healthcare Provider 870,MD,Internal Medicine,117,37144.163106183485,355.29494410107014,812
P000871,Healthcare Provider 871,CA,Cardiology,101,3516.3963161805746,289.61332287617347,444
P000872,Healthcare Provider 872,NY,Internal Medicine,96,4647.2455753314025,409.13263197184347,332
P000873,Healthcare Provider 873,CA,Family Practice,105,141881.35970919696,425.0105404026131,503
P000874,Healthcare Provider 874,NY,Orthopedics,99,10666.926786233684,222.86347967050781,913
P000875,Healthcare Provider 875,CA,Orthopedics,92,26903.58562110137,347.51118934419003,79
P000876,Healthcare Provider 876,CA,Cardiology,98,4968.402218047445,340.5826535890843,585
P000877,Healthcare Provider 877,TX,Internal Medicine,104,24200.39580983371,370.1572306757238,935
P000878,Healthcare Provider 878,DC,Internal Medicine,94,10732.087152490583,579.8469483249055,938
P000879,Healthcare Provider 879,CA,Cardiology,100,4614.277139493409,431.96127178579655,688
P000880,Healthcare Provider 880,TX,Orthopedics,100,83861.37672749968,745.4355464745911,396
P000881,Healthcare Provider 881,VA,Family Practice,85,71866.51558239463,401.0835750023515,608
P000882,Healthcare Provider 882,DC,Cardiology,97,19784.32446193693,980.481365336916,857
P000883,Healthcare Provider 883,CA,Family Practice,93,59839.36689791754,320.4135461383157,103
P000884,Healthcare Provider 884,FL,Orthopedics,89,147752.3274441213,274.5734518799563,402
P000885,Healthcare Provider 885,MD,Internal Medicine,90,46820.47719717128,530.4105542783358,975
P000886,Healthcare Provider 886,VA,Orthopedics,114,35585.009244151224,797.9460341084374,224
P000887,Healthcare Provider 887,VA,Cardiology,105,26874.94439711617,202.47134041333078,518
P000888,Healthcare Provider 888,TX,Internal Medicine,94,42171.39239704985,365.58714438200377,634
P000889,Healthcare Provider 889,VA,Cardiology,92,15307.230944859548,297.2605501503864,236
P000890,Healthcare Provider 890,DC,Cardiology,101,16703.34254610768,433.2979105241895,427
P000891,Healthcare Provider 891,CA,Orthopedics,96,34575.18043631649,405.45462230195955,116
P000892,Healthcare Provider 892,CA,Cardiology,109,13713.487681905004,790.5197367897906,163
P000893,Healthcare Provider 893,FL,Orthopedics,116,15278.476117339751,382.144039222529,226
P000894,Healthcare Provider 894,MD,Internal Medicine,95,22030.57774076958,802.227352397161,230
P000895,Healthcare Provider 895,TX,Orthopedics,100,69606.10448492161,344.62257476065133,182
P000896,Healthcare Provider 896,MD,Internal Medicine,113,7096.352839283793,641.1355734201431,249
P000897,Healthcare Provider 897,VA,Orthopedics,97,47059.99249034968,452.29359438485693,318
P000898,Healthcare Provider 898,FL,Family Practice,100,48620.29973998374,958.0909389892441,965
P000899,Healthcare Provider 899,MD,Family Practice,112,48330.20513507496,192.76899763393806,210
P000900,Healthcare Provider 900,DC,Cardiology,111,9830.58398470872,225.44385347202663,656
P000901,Healthcare Provider 901,CA,Orthopedics,108,4053.4286592762833,1008.088399123429,392
P000902,Healthcare Provider 902,VA,Orthopedics,103,38549.57955363173,279.6020810417926,857
P000903,Healthcare Provider 903,FL,Internal Medicine,105,26570.0198121963,288.61635675949753,96
P000904,Healthcare Provider 904,MD,Cardiology,106,60136.763245292306,260.3789857648058,894
P000905,Healthcare Provider 905,TX,Orthopedics,86,10932.148948886155,716.3887583969321,858
P000906,Healthcare Provider 906,DC,Cardiology,107,47104.24372463122,215.56687654312222,756
P000907,Healthcare Provider 907,DC,Family Practice,89,63222.28395541189,407.98287730705204,86
P000908,Healthcare Provider 908,MD,Orthopedics,114,20024.068999599807,353.25461614046526,415
P000909,Healthcare Provider 909,CA,Orthopedics,96,33420.65841776348,677.3971897228828,394
P000910,Healthcare Provider 910,MD,Cardiology,91,32272.361362260202,304.34400859268703,696
P000911,Healthcare Provider 911,VA,Orthopedics,103,9686.907117071685,496.5262189067077,633
P000912,Healthcare Provider 912,MD,Cardiology,79,37462.53336635346,224.61591819223977,844
P000913,Healthcare Provider 913,DC,Orthopedics,92,111580.13830366252,1257.6126988859312,501
P000914,Healthcare Provider 914,FL,Internal Medicine,102,22521.01009620089,357.88218414606837,604
P000915,Healthcare Provider 915,MD,Cardiology,98,5110.615169375257,405.20039307180724,582
P000916,Healthcare Provider 916,CA,Orthopedics,106,11078.631801816608,922.7673824808379,916
P000917,Healthcare Provider 917,FL,Family Practice,89,3716.6223008146717,300.86558779762174,133
P000918,Healthcare Provider 918,TX,Orthopedics,97,80038.34641856687,928.6121609170345,791
P000919,Healthcare Provider 919,NY,Family Practice,104,47292.41945092818,328.4105205783561,649
P000920,Healthcare Provider 920,MD,Family Practice,86,13341.446252618514,564.4484681994036,314
P000921,Healthcare Provider 921,CA,Internal Medicine,86,5334.444731663195,302.9776922677474,699
P000922,Healthcare Provider 922,FL,Cardiology,88,9573.029933009999,204.78932697503362,221
P000923,Healthcare Provider 923,CA,Orthopedics,91,11634.417782488377,496.3578683189975,976
P000924,Healthcare Provider 924,TX,Internal Medicine,115,24573.099295672146,555.5461591971014,438
P000925,Healthcare Provider 925,DC,Orthopedics,100,23760.013536593786,208.94208929083155,46
P000926,Healthcare Provider 926,CA,Family Practice,81,84240.5752403508,346.0110948366999,790
P000927,Healthcare Provider 927,FL,Cardiology,102,11017.554488126452,735.3741966649005,192
P000928,Healthcare Provider 928,CA,Orthopedics,106,4874.691725541259,544.6042997203718,520
P000929,Healthcare Provider 929,CA,Orthopedics,101,6925.887798983965,331.0907473923704,379
P000930,Healthcare Provider 930,CA,Family Practice,110,21525.1036701938,299.2373733362428,788
P000931,Healthcare Provider 931,VA,Orthopedics,100,10628.793156577385,1068.6187039162037,691
P000932,Healthcare Provider 932,VA,Orthopedics,109,16448.531052518087,195.690428683378,334
P000933,Healthcare Provider 933,DC,Family Practice,90,13988.158366000567,391.6625835181237,39
P000934,Healthcare Provider 934,MD,Internal Medicine,114,59292.52088674342,193.95992453325792,293
P000935,Healthcare Provider 935,CA,Family Practice,82,12246.975810807517,778.5298413707095,690
P000936,Healthcare Provider 936,TX,Internal Medicine,90,15103.13962011512,401.9944143600833,162
P000937,Healthcare Provider 937,MD,Cardiology,113,45129.146524752075,441.0185960116669,331
P000938,Healthcare Provider 938,TX,Internal Medicine,101,12519.1917888968,1610.7354498308493,886
P000939,Healthcare Provider 939,MD,Internal Medicine,81,33631.2971247892,299.84439661066455,104
P000940,Healthcare Provider 940,DC,Cardiology,82,30683.65133792684,967.0865132137124,161
P000941,Healthcare Provider 941,CA,Internal Medicine,110,25381.24663765648,331.83373417489054,799
P000942,Healthcare Provider 942,CA,Family Practice,95,7084.068137008016,358.97177750562093,635
P000943,Healthcare Provider 943,NY,Internal Medicine,96,75340.58338066524,1508.8267307880396,54
P000944,Healthcare Provider 944,TX,Cardiology,81,202943.68314075514,372.2087345798164,940
P000945,Healthcare Provider 945,MD,Family Practice,99,22221.779339378678,202.9205042880533,34
P000946,Healthcare Provider 946,MD,Cardiology,105,7736.039372445069,464.49899473449034,242
P000947,Healthcare Provider 947,VA,Cardiology,105,22676.91460684992,370.0475783167311,967
P000948,Healthcare Provider 948,NY,Orthopedics,109,59270.09399068449,484.7086170807583,890
P000949,Healthcare Provider 949,FL,Orthopedics,81,11906.173478482851,377.3605525913353,113
P000950,Healthcare Provider 950,FL,Cardiology,102,19362.641950041667,1221.4235577517054,318
P000951,Healthcare Provider 951,VA,Cardiology,108,30966.279594371154,532.9181882487885,23
P000952,Healthcare Provider 952,VA,Cardiology,100,73353.6726263033,235.69007162827472,558
P000953,Healthcare Provider 953,VA,Orthopedics,105,47830.73641620002,429.350413847845,824
P000954,Healthcare Provider 954,TX,Orthopedics,107,49854.69579914749,270.47646471882166,647
P000955,Healthcare Provider 955,TX,Internal Medicine,90,14381.981873817884,356.4318575790703,118
P000956,Healthcare Provider 956,DC,Internal Medicine,108,32922.742362823956,255.8981835133085,985
P000957,Healthcare Provider 957,DC,Cardiology,105,10700.40288853096,1156.9693797167938,701
P000958,Healthcare Provider 958,VA,Family Practice,102,51304.107690108314,285.5187474918867,643
P000959,Healthcare Provider 959,NY,Family Practice,88,69648.72274059568,568.9440938711105,934
P000960,Healthcare Provider 960,MD,Orthopedics,107,38306.066955499606,343.18178392435794,212
P000961,Healthcare Provider 961,TX,Orthopedics,90,15253.883619761154,226.0584092103049,418
P000962,Healthcare Provider 962,NY,Orthopedics,92,17966.65595367517,445.3340396420332,113
P000963,Healthcare Provider 963,CA,Cardiology,98,134123.48851754505,492.91952160802947,44
P000964,Healthcare Provider 964,TX,Family Practice,100,15510.764649531955,533.4222190420516,128
P000965,Healthcare Provider 965,TX,Internal Medicine,82,62943.58748285345,108.73246577644049,876
P000966,Healthcare Provider 966,DC,Cardiology,96,30911.748414632253,217.5822942131516,158
P000967,Healthcare Provider 967,MD,Internal Medicine,105,15769.982204875107,651.1743072953429,785
P000968,Healthcare Provider 968,MD,Internal Medicine,93,5740.783467129211,254.2191063748196,827
P000969,Healthcare Provider 969,FL,Cardiology,93,27217.0904568181,446.51456722801635,394
P000970,Healthcare Provider 970,FL,Internal Medicine,104,24127.338800484627,215.0751823574802,867
P000971,Healthcare Provider 971,FL,Family Practice,93,134125.96456693788,581.610250708857,852
P000972,Healthcare Provider 972,FL,Internal Medicine,106,9318.969236091998,642.6722010115433,512
P000973,Healthcare Provider 973,CA,Family Practice,103,218549.67026431832,581.7000594319825,914
P000974,Healthcare Provider 974,CA,Family Practice,105,32170.67265803986,676.0576856315985,45
P000975,Healthcare Provider 975,TX,Family Practice,109,32139.118795331728,881.7865963238356,108
P000976,Healthcare Provider 976,VA,Orthopedics,90,12172.41817077665,224.29517595761146,219
P000977,Healthcare Provider 977,DC,Internal Medicine,106,30173.1069278249,271.96245792196464,443
P000978,Healthcare Provider 978,DC,Cardiology,98,35349.903031848284,631.9256754858865,830
P000979,Healthcare Provider 979,FL,Cardiology,93,56236.83745143846,709.8898988148927,315
P000980,Healthcare Provider 980,TX,Internal Medicine,114,8280.658659034234,287.9619989137987,177
P000981,Healthcare Provider 981,NY,Orthopedics,102,89929.45924169727,278.12119372319114,228
P000982,Healthcare Provider 982,VA,Orthopedics,105,31615.90272481181,291.16591374812646,703
P000983,Healthcare Provider 983,TX,Family Practice,115,40466.46540085431,180.81104179676504,983
P000984,Healthcare Provider 984,VA,Internal Medicine,95,17660.00466819714,213.64043869766957,672
P000985,Healthcare Provider 985,VA,Internal Medicine,112,8706.780437411931,216.23238319188778,906
P000986,Healthcare Provider 986,VA,Cardiology,102,23688.017946553427,348.2605000480685,267
P000987,Healthcare Provider 987,TX,Internal Medicine,95,26563.557850219455,461.9322604444342,870
P000988,Healthcare Provider 988,FL,Orthopedics,87,5511.387756591256,501.0652919370555,838
P000989,Healthcare Provider 989,DC,Internal Medicine,96,48692.748919669924,312.8484454264921,379
P000990,Healthcare Provider 990,DC,Cardiology,102,59666.4183191108,316.71630676915026,489
P000991,Healthcare Provider 991,FL,Family Practice,105,10618.312418384488,429.1604024694773,702
P000992,Healthcare Provider 992,VA,Cardiology,104,7922.124150960596,190.94639255965708,687
P000993,Healthcare Provider 993,NY,Cardiology,103,16269.356093530318,651.7885933639133,290
P000994,Healthcare Provider 994,MD,Family Practice,104,22559.129006218347,767.1578941030442,996
P000995,Healthcare Provider 995,TX,Cardiology,102,16912.850390134707,295.06913392034744,357
P000996,Healthcare Provider 996,MD,Cardiology,98,20724.71373223014,330.55792884788036,657
P000997,Healthcare Provider 997,FL,Internal Medicine,97,27487.25434016731,751.188119511781,744
P000998,Healthcare Provider 998,NY,Internal Medicine,103,5606.775529093325,379.35566856355047,872
P000999,Healthcare Provider 999,TX,Family Practice,118,6289.924665135289,541.3806971578613,950
